Date/Time,Lat,Lon,Base,zipcode
7/26/14 11:49,40.7578,-73.9895,B02682,10036
7/20/14 20:13,40.7558,-73.9832,B02617,10036
8/25/14 09:24,40.7391,-73.9826,B02682,10010
7/24/14 19:38,40.732,-73.9964,B02617,10003
8/23/14 01:24,40.6813,-73.9772,B02682,11217
8/26/14 20:21,40.7512,-73.9754,B02617,10017
9/5/14 17:30,40.7643,-73.996,B02617,10036
8/9/14 06:10,40.7399,-73.9987,B02598,10011
9/12/14 01:45,40.6913,-73.9844,B02764,11201
7/8/14 20:57,40.7573,-73.8443,B02617,11368
8/3/14 23:36,40.6447,-73.7821,B02598,11430
7/9/14 13:25,40.6464,-73.7769,B02598,11430
7/30/14 17:18,40.7153,-74.0141,B02598,10282
7/28/14 04:51,40.7678,-73.958,B02617,10021
7/18/14 10:12,40.7484,-73.9708,B02617,10017
7/9/14 08:07,40.7842,-73.9707,B02682,10024
9/30/14 07:10,40.8236,-73.9375,B02617,10039
8/29/14 22:30,40.713,-73.9664,B02598,11249
9/22/14 06:15,40.6461,-73.7768,B02617,11430
8/26/14 21:56,40.7261,-73.9961,B02617,10012
9/1/14 18:58,40.7159,-73.9402,B02598,11211
8/28/14 11:15,40.7136,-73.8298,B02598,11415
7/2/14 06:40,40.7723,-73.9502,B02598,10075
9/15/14 10:35,40.7292,-73.9776,B02764,10009
7/26/14 14:19,40.7259,-74.0013,B02617,10012
9/29/14 17:53,40.7652,-73.9679,B02682,10065
8/2/14 19:51,40.7512,-73.9938,B02617,10001
9/23/14 20:53,40.7205,-74.0021,B02682,10013
9/17/14 12:40,40.7617,-73.9796,B02512,10019
7/31/14 07:15,40.7201,-73.9882,B02598,10002
8/16/14 19:53,40.7486,-73.9923,B02617,10001
7/9/14 20:07,40.751,-73.9826,B02598,10016
9/23/14 14:37,40.7159,-74.0046,B02598,10007
9/6/14 09:24,40.7838,-73.422,B02617,11747
8/20/14 09:36,40.7222,-73.984,B02682,10009
7/13/14 05:08,40.7651,-73.9816,B02682,10019
9/9/14 15:51,40.751,-73.9942,B02617,10001
9/13/14 22:10,40.7215,-73.9887,B02617,10002
9/28/14 17:48,40.7399,-73.9881,B02764,10010
9/25/14 13:37,40.7447,-73.9808,B02764,10016
9/6/14 23:11,40.7236,-74.0108,B02598,10013
9/4/14 21:36,40.7487,-73.9424,B02598,11101
7/4/14 13:18,40.6861,-74.0012,B02598,11231
8/12/14 16:40,40.7368,-73.9925,B02598,10003
7/30/14 21:23,40.7587,-73.9687,B02598,10022
7/10/14 07:06,40.741,-74.0078,B02598,10014
9/24/14 15:30,40.7267,-73.9587,B02617,11222
7/12/14 07:20,40.7486,-73.8841,B02598,11372
9/23/14 06:13,40.7837,-73.9796,B02598,10024
9/6/14 23:15,40.7501,-73.9862,B02617,10001
8/2/14 14:00,40.7311,-73.9952,B02617,10003
9/4/14 12:58,40.7157,-74.0167,B02598,10282
8/28/14 22:41,40.7739,-73.8714,B02598,11371
7/9/14 11:20,40.7343,-73.9884,B02598,10003
8/22/14 17:56,40.7202,-73.9951,B02598,10012
7/21/14 03:12,40.7252,-73.9547,B02682,11222
8/30/14 10:59,40.7615,-73.9996,B02598,10036
9/18/14 07:17,40.7199,-73.979,B02682,10002
7/27/14 09:43,40.7193,-74.0052,B02617,10013
7/26/14 20:37,40.6601,-73.9814,B02617,11215
7/16/14 19:12,40.7116,-74.016,B02598,10281
8/7/14 07:40,40.721,-74.0042,B02617,10013
8/16/14 08:21,40.7322,-73.9866,B02617,10003
8/30/14 22:04,40.7402,-74.0057,B02617,10014
7/10/14 13:33,40.7548,-74.0001,B02682,10001
7/10/14 13:58,40.7609,-73.9773,B02598,10019
9/22/14 08:23,40.8076,-73.9666,B02598,10025
7/23/14 19:51,40.741,-73.952,B02682,11101
8/18/14 18:37,40.7662,-73.8864,B02598,11370
7/5/14 04:34,40.6459,-73.7767,B02617,11430
8/14/14 17:45,40.7463,-73.9951,B02598,10001
7/8/14 13:15,40.7678,-73.9565,B02598,10021
9/25/14 10:06,40.7351,-73.9879,B02764,10003
7/20/14 02:55,40.7561,-73.9895,B02617,10018
7/22/14 19:06,40.8207,-73.9409,B02617,10030
7/20/14 17:05,40.7388,-73.9887,B02617,10003
8/28/14 20:23,40.7563,-73.9874,B02617,10036
8/30/14 09:45,40.7461,-73.9062,B02598,11377
9/27/14 19:49,40.7193,-73.9972,B02764,10013
9/15/14 22:04,40.7596,-73.9742,B02617,10022
7/29/14 06:36,40.7254,-73.9892,B02598,10003
7/30/14 07:21,40.7718,-73.9893,B02682,10023
7/20/14 15:52,40.712,-73.9631,B02617,11249
7/20/14 23:25,40.7184,-73.9945,B02512,10002
9/1/14 15:52,40.6456,-73.7767,B02617,11430
8/20/14 10:11,40.7278,-73.7897,B02764,11366
7/22/14 19:58,40.6136,-73.963,B02682,11230
8/3/14 13:20,40.7161,-73.9549,B02598,11211
8/26/14 15:29,40.6915,-74.1772,B02598,7114
9/27/14 18:25,40.7753,-73.9565,B02682,10028
7/22/14 21:10,40.6656,-73.9911,B02598,11215
8/21/14 17:33,40.7414,-73.9918,B02617,10010
7/21/14 19:09,40.8132,-73.9517,B02598,10027
8/28/14 14:06,40.7422,-74.0047,B02598,10011
8/11/14 10:07,40.7674,-73.9547,B02617,10021
9/30/14 12:29,40.7061,-73.9222,B02764,11237
7/9/14 11:18,40.6868,-73.9696,B02617,11238
7/18/14 10:20,40.7565,-73.9665,B02598,10022
8/1/14 00:57,40.7684,-73.9862,B02617,10019
8/12/14 14:22,40.7526,-73.9798,B02682,10017
9/5/14 11:26,40.7272,-74.0062,B02682,10014
8/2/14 17:40,40.7676,-73.9386,B02617,11106
7/1/14 02:22,40.7235,-74.0105,B02682,10013
8/19/14 22:30,40.6924,-73.9791,B02764,11201
9/5/14 16:46,40.7156,-74.0097,B02598,10007
7/10/14 22:12,40.7315,-73.9579,B02682,11222
9/4/14 16:07,40.7611,-73.9811,B02598,10019
9/5/14 23:55,40.7284,-73.9998,B02598,10012
8/1/14 22:45,40.7279,-73.9911,B02598,10003
7/11/14 17:38,40.7227,-73.9862,B02617,10009
9/23/14 19:31,40.6857,-73.9912,B02682,11201
9/29/14 16:21,40.5723,-73.8619,B02682,11694
7/29/14 06:56,40.7091,-74.0083,B02617,10038
9/28/14 09:28,40.7209,-73.9409,B02598,11222
8/30/14 06:30,40.7253,-73.9463,B02764,11222
9/16/14 14:09,40.8163,-73.9459,B02617,10030
7/16/14 17:02,40.7578,-73.9743,B02598,10022
8/15/14 08:37,40.7229,-73.9973,B02682,10012
7/18/14 01:31,40.72,-74.01,B02598,10013
8/19/14 15:18,40.7076,-74.0099,B02682,10005
7/14/14 01:48,40.727,-73.98,B02598,10009
8/23/14 11:38,40.7271,-73.9797,B02764,10009
7/9/14 20:20,40.6464,-73.7898,B02598,11430
9/6/14 16:31,40.722,-73.9866,B02682,10002
9/11/14 17:15,40.7683,-73.8622,B02598,11371
9/26/14 07:45,40.723,-74.0049,B02617,10013
8/16/14 03:13,40.7675,-73.9826,B02617,10019
7/24/14 16:53,40.7526,-73.9777,B02682,10017
7/31/14 09:48,40.7659,-73.9612,B02682,10065
9/18/14 18:32,40.7708,-73.8657,B02617,11371
8/13/14 13:15,40.7231,-73.9447,B02598,11222
9/16/14 16:31,40.7809,-73.959,B02764,10028
9/17/14 09:59,40.7645,-73.9708,B02682,10065
8/7/14 19:11,40.7553,-73.9736,B02598,10017
7/16/14 19:01,40.7554,-73.9864,B02617,10036
9/23/14 07:07,40.7197,-73.9535,B02764,11211
9/4/14 14:31,40.7486,-73.9925,B02617,10001
9/8/14 07:31,40.6018,-74.0924,B02598,10304
8/22/14 04:04,40.7513,-73.9763,B02598,10168
7/22/14 10:49,40.6667,-73.9412,B02598,11213
8/28/14 03:29,40.7584,-73.9831,B02617,10036
9/19/14 16:29,40.6949,-74.1773,B02764,7114
7/23/14 16:37,40.7927,-73.9192,B02617,10035
7/9/14 23:20,40.7739,-73.8726,B02617,11371
8/31/14 22:05,40.7783,-73.902,B02617,11105
9/17/14 15:43,40.758,-73.8286,B02598,11355
7/4/14 10:00,40.7608,-73.999,B02598,10036
7/8/14 07:19,40.6854,-73.9761,B02598,11217
9/12/14 07:57,40.7313,-73.9747,B02617,10009
9/29/14 06:05,40.7716,-73.9206,B02617,11102
9/12/14 22:18,40.7737,-73.9457,B02764,10028
9/13/14 12:26,40.7441,-73.9859,B02617,10016
7/21/14 17:50,40.7103,-73.9847,B02598,10002
9/10/14 11:39,40.7649,-73.9639,B02512,10065
7/30/14 07:26,40.7752,-73.9592,B02598,10075
9/12/14 19:38,40.7079,-74.0136,B02682,10006
7/19/14 23:36,40.7321,-73.9999,B02617,10011
7/21/14 23:13,40.6784,-73.9034,B02598,
8/27/14 16:07,40.7251,-74.0042,B02598,10013
7/6/14 02:09,40.7259,-74.0027,B02598,10012
8/9/14 17:10,40.6688,-73.975,B02598,11215
8/8/14 00:26,40.7734,-73.9457,B02598,10028
7/3/14 02:06,40.7405,-74.0085,B02682,10014
9/9/14 15:30,40.7544,-73.988,B02764,10018
9/17/14 20:43,40.7768,-73.9859,B02617,10023
9/18/14 10:00,40.7741,-73.9514,B02598,10028
8/16/14 00:29,40.7882,-73.9673,B02682,10024
9/28/14 21:03,40.7685,-73.8872,B02598,11371
9/9/14 15:25,40.6785,-73.9485,B02617,11216
9/20/14 10:56,40.7135,-73.9573,B02617,11211
8/6/14 16:36,40.7535,-73.9743,B02682,10017
7/15/14 16:30,40.7342,-74.0062,B02617,10014
9/25/14 15:29,40.7452,-73.9904,B02617,10001
7/7/14 18:47,40.7343,-73.9835,B02617,10003
8/17/14 22:50,40.6464,-73.7901,B02682,11430
8/21/14 09:09,40.7719,-73.9494,B02682,10075
8/4/14 15:50,40.7547,-73.9809,B02598,10036
8/13/14 08:24,40.7124,-73.9444,B02598,11211
9/7/14 13:55,40.9528,-73.9345,B02512,7627
7/10/14 21:59,40.7239,-73.9929,B02598,10012
7/12/14 19:47,40.7382,-74.0044,B02512,10014
7/7/14 05:52,40.7236,-74.011,B02617,10013
7/24/14 18:58,40.7482,-73.9391,B02682,11101
9/1/14 15:13,40.7266,-73.9868,B02617,10003
7/10/14 10:38,40.7529,-73.9677,B02598,10017
9/17/14 16:02,40.7388,-73.9856,B02682,10010
7/23/14 09:01,40.7479,-73.9933,B02512,10001
9/23/14 13:37,40.7471,-73.9898,B02617,10001
9/27/14 16:52,40.7604,-74.0028,B02512,10018
8/16/14 16:27,40.7408,-73.9932,B02598,10011
9/4/14 06:01,40.7627,-73.989,B02598,10019
7/10/14 17:08,40.7636,-73.9597,B02682,10065
9/20/14 19:17,40.6458,-73.7767,B02764,11430
7/8/14 13:40,40.7425,-73.9918,B02512,10010
7/7/14 07:06,40.8539,-73.9711,B02598,7024
8/5/14 18:19,40.758,-73.9819,B02617,10036
9/25/14 19:59,40.7562,-73.9763,B02617,10017
8/20/14 08:20,40.7386,-73.9977,B02598,10011
8/4/14 15:54,40.7466,-73.9819,B02617,10016
8/17/14 16:21,40.6189,-74.0089,B02598,11228
8/20/14 07:29,40.7608,-73.9993,B02617,10036
8/27/14 20:43,40.7978,-74.4588,B02512,7960
7/14/14 09:53,40.747,-73.9903,B02682,10001
9/4/14 12:27,40.7529,-73.9744,B02617,10017
7/8/14 13:33,40.7709,-73.9537,B02682,10075
8/29/14 16:29,40.752,-74.0047,B02617,10001
7/2/14 16:53,40.7545,-73.9772,B02598,10017
9/22/14 17:51,40.7347,-73.9987,B02764,10011
7/7/14 21:24,40.7268,-73.9958,B02682,10012
8/29/14 06:28,40.7779,-73.9795,B02682,10023
8/11/14 22:07,40.7234,-74.0028,B02512,10013
9/27/14 17:52,40.6077,-74.0021,B02598,11214
8/4/14 08:13,40.7306,-73.9953,B02617,10003
9/21/14 00:10,40.7361,-73.996,B02682,10011
8/22/14 20:39,40.7266,-73.9846,B02617,10009
7/28/14 20:56,40.6422,-73.789,B02598,11430
9/3/14 20:08,40.745,-73.9928,B02617,10001
9/30/14 17:52,40.7507,-73.9786,B02682,10016
8/8/14 12:25,40.7722,-73.9662,B02598,10021
7/22/14 21:47,40.7186,-74.0007,B02617,10013
8/27/14 12:30,40.7375,-73.9533,B02682,11222
7/22/14 14:52,40.746,-73.9943,B02598,10001
9/14/14 21:23,40.7414,-73.9897,B02682,10010
7/31/14 05:23,40.7319,-74.0027,B02682,10014
7/22/14 16:29,40.7276,-74.0034,B02617,10014
8/12/14 06:11,40.7206,-73.9562,B02617,11249
9/10/14 17:21,40.7462,-73.9842,B02764,10016
7/9/14 19:44,40.7434,-73.9882,B02598,10010
8/11/14 17:02,40.6697,-73.958,B02598,11225
8/8/14 18:03,40.739,-73.993,B02598,10011
7/23/14 08:02,40.672,-73.9591,B02598,11238
7/23/14 23:02,40.7743,-73.8725,B02617,11371
8/21/14 12:38,40.7536,-73.9678,B02764,10017
8/31/14 19:43,40.6459,-73.7768,B02617,11430
7/27/14 23:41,40.8027,-73.9364,B02598,10035
7/8/14 16:41,40.7551,-73.9754,B02617,10167
9/30/14 07:59,40.7453,-73.9767,B02512,10016
9/27/14 17:18,40.7006,-73.8965,B02617,11385
9/6/14 15:18,40.8978,-73.9113,B02617,10471
9/27/14 17:04,40.7482,-74.0343,B02682,7030
9/17/14 15:57,40.7553,-73.9706,B02617,10022
8/15/14 23:28,40.6116,-73.9527,B02617,11210
7/18/14 13:35,40.7183,-74.0105,B02598,10013
8/29/14 09:45,40.8457,-73.9404,B02764,10032
8/20/14 08:06,40.6704,-73.9557,B02598,11216
8/10/14 18:41,40.7023,-73.9829,B02598,11201
8/31/14 10:24,40.7477,-73.9865,B02617,10001
8/5/14 02:59,40.7007,-73.9426,B02617,11206
7/22/14 06:30,40.7287,-74.0001,B02682,10012
7/8/14 11:30,40.736,-73.9038,B02598,11377
9/23/14 20:19,40.7524,-73.9817,B02617,10018
8/26/14 04:42,40.6449,-73.7815,B02617,11430
8/12/14 07:23,40.7307,-73.9924,B02682,10003
8/5/14 02:30,40.7138,-74.0117,B02682,10007
8/1/14 10:39,40.7559,-73.9766,B02617,10017
8/15/14 20:22,40.7298,-73.9808,B02682,10009
7/9/14 18:32,40.7598,-73.9958,B02617,10036
8/21/14 19:37,40.7596,-73.9723,B02682,10022
8/20/14 10:28,40.7406,-74.0057,B02617,10014
7/15/14 13:56,40.7579,-73.9768,B02598,10022
9/7/14 12:32,40.776,-73.9554,B02598,10028
9/29/14 21:38,40.6817,-74.0006,B02617,11231
8/17/14 18:06,40.721,-74.0027,B02598,10013
7/16/14 08:11,40.7879,-73.9782,B02598,10024
9/25/14 09:15,40.7269,-73.9838,B02598,10009
8/10/14 04:53,40.8033,-73.9674,B02617,10025
8/9/14 16:54,40.7065,-74.0128,B02598,10006
9/23/14 08:35,40.7456,-73.9758,B02617,10016
9/2/14 21:28,40.7368,-74.0045,B02598,10014
9/20/14 19:50,40.7234,-74.0104,B02598,10013
9/4/14 14:31,40.7408,-73.9974,B02617,10011
9/28/14 00:15,40.7421,-74.0058,B02682,10011
7/4/14 16:09,40.7739,-73.8725,B02682,11371
9/5/14 17:22,40.7465,-74.0378,B02617,7030
7/17/14 10:04,40.719,-74.0022,B02682,10013
9/1/14 20:50,40.861,-73.9289,B02598,10040
7/10/14 22:33,40.7422,-74.0008,B02598,10011
7/18/14 22:33,40.7485,-73.9921,B02682,10001
9/10/14 11:29,40.7619,-73.9849,B02617,10019
7/31/14 18:38,40.7753,-73.9535,B02598,10028
8/27/14 18:32,40.7348,-73.9994,B02598,10011
7/17/14 18:45,40.7592,-73.9863,B02598,10036
7/1/14 12:44,40.7145,-73.9848,B02682,10002
9/24/14 05:52,40.6805,-73.9839,B02617,11217
9/10/14 16:30,40.7082,-74.0077,B02764,10038
7/24/14 16:32,40.698,-73.9746,B02682,11205
8/12/14 19:22,40.8625,-73.8933,B02617,10458
9/30/14 15:27,40.7574,-73.9737,B02617,10022
9/4/14 22:42,40.7351,-74.0001,B02617,10011
8/1/14 09:10,40.7606,-73.9661,B02617,10022
9/26/14 12:20,40.7257,-73.9936,B02617,10012
8/20/14 09:29,40.7334,-73.9975,B02598,10011
8/28/14 21:34,40.7442,-73.9802,B02617,10016
9/24/14 10:50,40.7008,-73.9298,B02598,11206
9/15/14 07:41,40.6918,-73.9999,B02617,11201
8/31/14 08:07,40.7302,-73.9945,B02617,10003
7/9/14 15:57,40.7784,-73.981,B02682,10023
9/29/14 06:55,40.7732,-73.9545,B02764,10075
9/11/14 14:53,40.7188,-73.989,B02617,10002
9/18/14 21:05,40.7529,-73.9794,B02617,10017
9/28/14 04:58,40.7619,-73.9859,B02682,10019
9/17/14 14:33,40.7196,-73.9604,B02682,11249
7/19/14 09:43,40.7232,-73.9974,B02682,10012
9/25/14 22:51,40.6691,-73.9212,B02598,11233
7/23/14 05:21,40.7573,-73.9743,B02682,10022
7/18/14 15:42,40.7331,-73.9962,B02598,10011
9/13/14 09:14,40.7874,-73.9804,B02682,10024
9/19/14 20:54,40.7381,-74.0092,B02764,10014
7/21/14 22:41,40.7186,-73.989,B02617,10002
9/2/14 08:07,40.79,-73.9729,B02617,10024
9/1/14 11:27,40.7704,-73.9484,B02682,10075
9/6/14 16:45,40.7441,-73.9837,B02512,10016
9/2/14 13:53,40.7513,-73.9905,B02617,10123
9/10/14 08:19,40.7436,-74.0003,B02617,10011
8/19/14 14:47,40.7045,-74.0086,B02617,10005
9/27/14 10:12,40.7168,-73.8111,B02617,11435
7/16/14 20:57,40.7654,-73.9525,B02682,10021
7/30/14 05:26,40.7201,-73.9568,B02617,11249
7/26/14 18:37,40.7591,-73.992,B02598,10036
9/19/14 18:44,40.8038,-73.9673,B02682,10025
7/22/14 12:21,40.724,-73.9921,B02617,10002
9/2/14 12:46,40.732,-73.9989,B02617,10011
7/10/14 20:54,40.6955,-73.994,B02598,11201
7/21/14 09:03,40.7385,-73.9932,B02682,10011
8/7/14 18:06,40.7562,-73.9728,B02617,10022
7/22/14 21:44,40.7601,-73.9889,B02617,10036
8/7/14 15:57,40.9976,-73.6958,B02598,10580
9/16/14 21:16,40.7171,-74.0018,B02598,10013
7/15/14 17:17,40.7533,-73.9889,B02617,10018
8/23/14 12:26,40.7486,-73.9929,B02764,10001
7/3/14 19:39,40.7567,-73.9667,B02682,10022
9/10/14 12:40,40.7378,-74.0066,B02682,10014
9/6/14 17:27,40.6449,-73.782,B02764,11430
8/5/14 14:50,40.7685,-73.9536,B02617,10021
9/23/14 16:24,40.7217,-73.8041,B02682,11366
9/11/14 03:16,40.7276,-73.9448,B02682,11222
7/9/14 14:32,40.7374,-73.9902,B02682,10003
8/21/14 22:21,40.742,-74.0056,B02682,10011
7/13/14 22:03,40.7516,-73.994,B02682,10001
7/14/14 08:20,40.7642,-73.9859,B02617,10019
9/6/14 11:45,40.7465,-73.9777,B02764,10016
7/27/14 02:54,40.6758,-73.96,B02682,11238
7/7/14 14:39,40.6465,-73.7897,B02598,11430
7/24/14 18:18,40.7406,-74.0494,B02617,7307
9/18/14 14:53,40.7515,-73.9938,B02512,10001
9/15/14 10:29,40.7501,-73.995,B02512,10001
7/15/14 19:20,40.7867,-73.9808,B02598,10024
9/27/14 21:23,40.7455,-74.0051,B02764,10011
7/11/14 10:34,40.7608,-73.9834,B02598,10019
9/5/14 15:57,40.7646,-73.9802,B02682,10019
7/9/14 10:45,40.748,-73.9764,B02617,10016
8/16/14 05:52,40.7301,-73.9936,B02617,10003
9/27/14 14:49,40.7249,-73.9808,B02512,10009
9/23/14 18:50,40.7643,-73.9831,B02617,10019
7/22/14 20:53,40.7647,-73.9702,B02598,10065
7/14/14 18:20,40.7431,-73.9891,B02617,10010
8/21/14 18:25,40.7099,-74.0067,B02682,10038
8/7/14 00:21,40.761,-73.998,B02617,10036
9/18/14 18:48,40.7562,-73.9816,B02617,10036
8/6/14 16:55,40.7401,-73.9947,B02598,10011
9/18/14 06:55,40.7823,-73.9719,B02598,10024
8/23/14 17:05,40.7378,-74,B02682,10011
9/16/14 09:11,40.7116,-73.9517,B02617,11211
9/30/14 18:01,40.7324,-73.9932,B02598,10003
9/17/14 21:42,40.7131,-73.9929,B02682,10002
8/5/14 10:29,40.7442,-73.9999,B02617,10011
9/10/14 16:50,40.7519,-73.9716,B02682,10017
9/7/14 16:15,40.7447,-73.9895,B02617,10001
8/6/14 16:00,40.7737,-73.8714,B02598,11371
7/3/14 22:14,40.7269,-73.9893,B02682,10003
8/2/14 12:48,40.7851,-73.9537,B02598,10128
7/28/14 11:40,40.7512,-73.9828,B02598,10018
9/30/14 06:27,40.7728,-73.9454,B02617,10028
9/4/14 06:22,40.7631,-73.9881,B02598,10019
9/29/14 17:51,40.7051,-74.0065,B02682,10005
9/20/14 21:17,40.7448,-73.9778,B02617,10016
8/28/14 01:00,40.7363,-73.9811,B02617,10010
8/22/14 19:04,40.6894,-73.9924,B02512,11201
7/8/14 08:18,40.6964,-73.9943,B02682,11201
8/5/14 01:06,40.6874,-73.9569,B02617,11238
7/29/14 01:59,40.7403,-74.006,B02682,10014
8/14/14 16:49,40.7326,-73.9934,B02617,10003
9/19/14 15:18,40.7538,-73.987,B02598,10018
9/6/14 22:42,40.7157,-73.9601,B02764,11249
8/4/14 13:34,40.8058,-73.9543,B02617,10026
9/14/14 20:34,40.7314,-73.9969,B02598,10003
9/18/14 16:23,40.7453,-73.9911,B02764,10001
9/11/14 04:14,40.7364,-73.9933,B02617,10003
8/17/14 01:15,40.6616,-73.991,B02598,11215
7/11/14 15:24,40.7018,-74.011,B02764,10004
9/17/14 12:59,40.7649,-73.9688,B02617,10065
9/27/14 16:36,40.7516,-74.0018,B02764,10001
9/18/14 22:59,40.7727,-73.9158,B02598,11102
7/13/14 20:21,40.7581,-73.9893,B02598,10036
8/17/14 12:50,40.7452,-73.9888,B02512,10001
9/1/14 19:24,40.7739,-73.8716,B02598,11371
7/22/14 15:26,40.6467,-73.7898,B02617,11430
7/7/14 17:02,40.7418,-73.9854,B02598,10010
9/15/14 14:41,40.7169,-74.0074,B02682,10013
8/24/14 07:45,40.6653,-73.9829,B02598,11215
9/17/14 07:52,40.7608,-73.999,B02682,10036
8/21/14 10:33,40.7519,-73.9798,B02764,10017
9/6/14 22:30,40.7684,-73.9868,B02598,10019
9/20/14 14:55,40.7467,-73.8531,B02617,11368
9/25/14 07:49,40.7815,-73.9804,B02764,10023
7/25/14 21:14,40.7181,-73.9596,B02598,11249
9/13/14 13:54,40.659,-74.0017,B02617,11232
7/28/14 17:41,40.811,-73.962,B02598,10027
7/3/14 13:40,40.7637,-73.9603,B02682,10065
8/26/14 22:43,40.7451,-73.9888,B02512,10001
8/7/14 20:46,40.7522,-73.9784,B02682,10165
7/17/14 07:32,40.7645,-73.9775,B02682,10019
8/7/14 18:03,40.7441,-73.9838,B02617,10016
9/6/14 16:51,40.7769,-73.9555,B02598,10028
9/7/14 00:54,40.7516,-74.0052,B02682,10001
9/3/14 07:16,40.7029,-73.9847,B02617,11201
8/19/14 21:49,40.7501,-74.0024,B02617,10001
9/13/14 17:05,40.7708,-73.9565,B02682,10021
9/20/14 19:22,40.6662,-73.9315,B02617,11213
8/18/14 11:03,40.7179,-74.0031,B02598,10013
7/12/14 21:44,40.708,-73.9443,B02682,11206
9/23/14 11:27,40.7836,-73.9744,B02764,10024
9/1/14 03:28,40.7347,-73.9905,B02598,10003
8/28/14 17:05,40.6775,-73.9749,B02598,11217
8/25/14 15:43,40.6873,-73.9742,B02617,11217
9/30/14 07:50,40.7529,-74.004,B02617,10001
7/24/14 09:08,40.6416,-73.7887,B02617,11430
9/29/14 09:13,40.7739,-73.8707,B02617,11371
7/11/14 14:14,40.8162,-73.9418,B02617,10030
9/7/14 17:01,40.7481,-73.9713,B02682,10017
7/1/14 17:44,40.7406,-74.0057,B02598,10014
8/19/14 14:33,40.7662,-73.9613,B02617,10065
9/5/14 08:22,40.7474,-74.0016,B02598,10011
8/28/14 08:30,40.7387,-74.008,B02598,10014
9/27/14 16:57,40.7366,-73.9908,B02682,10003
8/26/14 05:40,40.7634,-73.9596,B02682,10065
9/1/14 19:17,40.7075,-73.9652,B02617,11249
8/2/14 13:05,40.7018,-73.9829,B02617,11201
8/5/14 23:16,40.6975,-73.9292,B02617,11221
7/22/14 11:55,40.6899,-73.9791,B02598,11201
7/1/14 11:14,40.7567,-73.987,B02617,10036
7/29/14 12:25,40.714,-74.0065,B02617,10007
9/12/14 17:08,40.7067,-74.0067,B02617,10038
9/3/14 14:56,40.7168,-73.9622,B02617,11249
8/27/14 20:45,40.6465,-73.7894,B02617,11430
7/16/14 23:23,40.7231,-73.9985,B02598,10012
9/13/14 22:42,40.7115,-74.0106,B02617,10007
7/27/14 01:02,40.6778,-73.9819,B02617,11217
7/9/14 08:50,40.6636,-73.9893,B02598,11215
8/6/14 09:26,40.7518,-73.9705,B02598,10017
8/21/14 10:18,40.7501,-73.9921,B02598,10121
7/10/14 18:58,40.7097,-73.9941,B02617,10002
7/16/14 08:39,40.6848,-73.957,B02598,11238
7/17/14 17:34,40.7519,-74.004,B02598,10001
8/22/14 02:30,40.7442,-73.9127,B02682,11377
8/30/14 15:43,40.7582,-73.9866,B02598,10036
8/24/14 17:14,40.6898,-73.9926,B02764,11201
8/16/14 15:22,40.7862,-73.9695,B02682,10024
9/27/14 22:09,40.774,-73.8716,B02764,11371
9/14/14 12:40,40.7281,-73.993,B02617,10003
9/21/14 20:52,40.7252,-74.0032,B02764,10012
7/16/14 19:58,40.6465,-73.7903,B02598,11430
7/22/14 16:17,40.7029,-73.9906,B02617,11201
8/4/14 22:05,40.7739,-73.8725,B02598,11371
7/25/14 07:23,40.7304,-74.0023,B02617,10014
8/5/14 17:31,40.7626,-73.9756,B02617,10019
8/20/14 16:45,40.7528,-73.9968,B02682,10001
8/12/14 13:29,40.773,-73.946,B02617,10028
8/17/14 17:36,40.7082,-74.0117,B02682,10006
9/16/14 07:07,40.7397,-74.0461,B02617,7307
9/4/14 23:48,40.7638,-73.9905,B02617,10019
7/25/14 19:58,40.7882,-73.9799,B02617,10024
9/17/14 17:42,40.7588,-73.9689,B02682,10022
8/15/14 06:47,40.7612,-73.9991,B02682,10036
9/17/14 14:33,40.7298,-73.9889,B02617,10003
8/28/14 08:39,40.7674,-73.9538,B02598,10021
9/17/14 16:34,40.7801,-73.9529,B02598,10128
8/24/14 07:18,40.6997,-73.9402,B02617,11206
8/23/14 10:43,40.7808,-73.9838,B02598,10023
7/12/14 18:16,40.6992,-73.9314,B02598,11206
7/22/14 13:57,40.7513,-73.9938,B02617,10001
8/9/14 21:52,40.7413,-73.9927,B02764,10010
7/12/14 21:07,40.7471,-73.9901,B02598,10001
8/18/14 22:14,40.754,-73.9489,B02617,11101
8/13/14 18:32,40.7564,-73.9814,B02598,10036
9/19/14 20:31,40.7001,-73.9945,B02682,11201
9/28/14 11:44,40.7681,-73.9546,B02598,10021
7/18/14 07:38,40.7612,-73.9995,B02598,10036
8/30/14 06:00,40.7595,-73.9096,B02617,11103
9/27/14 19:29,40.7664,-73.9663,B02598,10065
7/19/14 00:57,40.713,-73.9523,B02682,11211
7/23/14 14:28,40.7419,-74.0045,B02617,10011
9/6/14 17:23,40.7831,-73.9558,B02617,10128
9/29/14 21:31,40.7848,-73.9703,B02682,10024
8/13/14 20:04,40.7513,-73.9936,B02682,10001
9/16/14 21:04,40.7874,-73.979,B02764,10024
9/8/14 13:39,40.7222,-73.9839,B02682,10009
7/3/14 08:19,40.7171,-74.0057,B02617,10013
9/4/14 14:25,40.7625,-73.997,B02764,10036
9/29/14 06:23,40.7741,-73.8725,B02682,11371
8/27/14 14:29,40.7512,-74.0064,B02617,10001
9/5/14 21:56,40.7397,-73.9913,B02617,10011
9/11/14 15:59,40.7799,-73.9627,B02617,
7/28/14 13:41,40.7636,-73.9614,B02617,10065
7/13/14 18:06,40.7351,-73.993,B02682,10003
9/20/14 10:26,40.7358,-74.0007,B02617,10014
9/17/14 17:33,40.7306,-74.0068,B02682,10014
9/6/14 17:25,40.7604,-74.0029,B02617,10018
9/30/14 10:50,40.7236,-74.0049,B02764,10013
8/28/14 16:31,40.7072,-74.0164,B02617,10280
9/27/14 21:55,40.752,-73.8833,B02764,11372
9/24/14 22:46,40.7741,-73.8726,B02598,11371
8/20/14 19:49,40.6405,-73.9624,B02617,11226
8/25/14 19:35,40.7545,-73.9919,B02617,10018
8/20/14 15:32,40.7303,-73.9835,B02617,10003
9/7/14 20:07,40.7705,-73.8653,B02682,11371
8/30/14 15:00,40.6933,-73.9665,B02764,11205
9/26/14 18:34,40.7284,-73.9955,B02764,10012
7/14/14 09:37,40.7784,-73.9585,B02682,10028
8/6/14 17:58,40.7531,-73.9869,B02598,10018
8/28/14 07:08,40.8957,-73.8987,B02764,10471
7/30/14 17:06,40.7322,-73.9958,B02598,10003
7/24/14 22:46,40.7621,-73.9863,B02617,10019
7/31/14 18:28,40.7533,-73.9811,B02617,10110
8/29/14 12:51,40.6299,-73.9384,B02617,11210
7/31/14 20:24,40.7178,-73.9853,B02598,10002
9/17/14 18:14,40.7555,-73.9731,B02598,10017
7/25/14 11:29,40.7342,-73.9884,B02617,10003
8/10/14 09:32,40.7683,-73.8621,B02598,11371
8/6/14 16:34,40.7054,-74.0171,B02598,10281
8/26/14 16:45,40.7508,-73.9944,B02598,10001
9/17/14 17:44,40.7677,-73.9696,B02598,10065
9/16/14 12:01,40.7216,-74.0053,B02764,10013
7/11/14 16:14,40.7246,-73.9924,B02682,10003
8/28/14 22:17,40.7239,-73.9766,B02617,10009
7/18/14 02:04,40.7203,-73.9881,B02598,10002
9/25/14 05:05,40.7288,-73.9785,B02617,10009
8/21/14 06:49,40.7784,-73.9585,B02598,10028
9/19/14 11:23,40.756,-73.9631,B02598,10022
9/20/14 22:13,40.732,-73.984,B02617,10003
9/28/14 04:04,40.7066,-73.9509,B02617,11211
9/23/14 15:56,40.7101,-74.0113,B02598,10006
8/13/14 16:08,40.7599,-73.9703,B02617,10022
7/31/14 08:19,40.7562,-73.9926,B02598,10018
8/19/14 08:32,40.7502,-73.9872,B02764,10001
9/15/14 11:55,40.7282,-74.0426,B02764,7302
7/21/14 13:40,40.749,-73.9758,B02598,10016
7/14/14 20:20,40.734,-73.9911,B02617,10003
9/6/14 18:41,40.7023,-73.8277,B02598,11418
8/4/14 11:43,40.7604,-73.9818,B02598,10020
8/6/14 21:29,40.6334,-73.9281,B02617,11234
7/19/14 04:09,40.7742,-73.9486,B02617,10028
8/21/14 10:22,40.7165,-74.0148,B02617,10282
9/13/14 11:10,40.7538,-73.9919,B02512,10018
8/30/14 22:31,40.7302,-74.0024,B02598,10014
9/6/14 21:05,40.6459,-73.7767,B02598,11430
8/9/14 21:17,40.8815,-73.9029,B02617,10463
7/16/14 19:19,40.7026,-73.9898,B02617,11201
7/7/14 19:07,40.7491,-73.9921,B02682,10001
9/15/14 06:10,40.6773,-73.7926,B02682,11436
9/17/14 21:23,40.7585,-73.966,B02682,10022
9/27/14 10:37,40.7605,-73.9913,B02764,10036
8/5/14 20:11,41.0662,-73.8131,B02682,10523
7/20/14 04:09,40.707,-73.9473,B02598,11206
9/2/14 15:50,40.741,-73.9836,B02764,10010
9/12/14 17:04,40.7078,-74.0071,B02617,10038
8/5/14 20:30,40.7403,-74.0418,B02617,7030
7/7/14 11:07,40.7629,-73.9776,B02682,10019
9/9/14 19:27,40.7271,-73.9797,B02682,10009
8/13/14 17:39,40.7551,-73.9767,B02764,10017
8/26/14 09:24,40.6965,-73.9832,B02617,11201
9/2/14 15:30,40.7773,-73.9783,B02617,10023
7/2/14 22:07,40.7237,-74.0095,B02617,10013
9/12/14 07:31,40.7798,-73.9766,B02617,10023
9/18/14 20:06,40.88,-73.8381,B02682,10469
7/31/14 10:37,40.719,-73.9641,B02598,11249
9/30/14 22:09,40.776,-73.9796,B02598,10023
8/9/14 16:07,40.752,-74.0234,B02682,7030
7/19/14 00:43,40.7406,-74.0059,B02682,10014
8/20/14 23:35,40.7649,-73.9815,B02617,10019
9/20/14 13:12,40.7179,-73.995,B02617,10002
9/26/14 21:59,40.6319,-73.9664,B02598,11230
9/4/14 17:58,40.7397,-74.0065,B02617,10014
7/29/14 00:02,40.7002,-73.928,B02617,11221
9/10/14 23:46,40.7611,-73.9844,B02512,10019
8/31/14 11:25,40.7424,-73.9968,B02617,10011
8/23/14 22:58,40.7444,-73.8512,B02617,11368
8/3/14 16:04,40.6211,-74.0339,B02617,11209
7/10/14 15:39,40.7503,-73.9873,B02598,10001
8/25/14 05:51,40.7419,-74.0011,B02682,10011
9/11/14 10:37,40.7551,-73.9839,B02598,10036
7/1/14 01:13,40.6559,-73.9098,B02617,11212
8/4/14 10:26,40.7242,-74.0079,B02617,10013
9/5/14 16:31,40.7195,-74.0363,B02598,7302
7/23/14 13:30,40.7516,-73.9824,B02682,10018
8/31/14 20:45,40.5876,-73.9841,B02617,11214
9/1/14 12:19,40.7643,-73.9778,B02512,10019
9/22/14 08:40,40.7337,-73.9766,B02617,10010
7/18/14 17:34,40.763,-73.9722,B02617,10022
8/10/14 14:59,40.7605,-73.9681,B02512,10022
8/21/14 05:16,40.7148,-73.9415,B02598,11211
9/13/14 16:07,40.7302,-73.9978,B02598,10012
7/15/14 18:39,40.754,-73.9819,B02682,10036
9/3/14 14:00,40.7556,-73.9758,B02682,10017
9/28/14 12:53,40.6417,-73.9633,B02764,11226
9/27/14 21:20,40.7321,-74.0076,B02682,10014
7/25/14 13:59,40.7669,-73.9627,B02598,10065
8/8/14 09:18,40.7242,-73.991,B02682,10003
7/26/14 11:23,40.7461,-73.9779,B02598,10016
9/3/14 19:55,40.7611,-73.9796,B02617,10019
9/29/14 19:39,40.7548,-73.9865,B02598,10018
8/12/14 21:11,40.735,-74.0024,B02617,10014
9/14/14 01:11,40.7185,-73.9892,B02617,10002
9/13/14 15:50,40.7216,-73.9582,B02764,11249
7/15/14 21:34,40.7517,-73.986,B02617,10018
9/23/14 09:28,40.7665,-73.9674,B02617,10065
7/29/14 06:22,40.6976,-73.931,B02617,11221
9/3/14 17:26,40.7049,-74.0141,B02617,10004
9/19/14 08:26,40.7484,-73.9568,B02764,11109
8/26/14 21:18,40.7425,-73.9825,B02617,10016
7/25/14 07:35,40.6854,-73.9987,B02598,11231
7/10/14 16:51,40.741,-74.0016,B02682,10011
7/20/14 18:59,40.779,-73.9522,B02682,10128
7/11/14 18:32,40.7059,-74.0085,B02682,10005
9/24/14 13:23,40.7587,-73.9673,B02598,10022
8/3/14 00:17,40.7252,-74.0031,B02682,10012
9/8/14 12:56,40.7157,-74.0091,B02598,10007
8/13/14 12:31,40.7074,-73.9684,B02598,11249
7/4/14 12:39,40.774,-73.8717,B02617,11371
8/27/14 00:07,40.7396,-74.0021,B02617,10011
7/10/14 06:56,40.7431,-73.9769,B02598,10016
9/7/14 12:57,40.8103,-73.9432,B02617,10027
8/5/14 18:31,40.7467,-73.9858,B02598,10001
9/2/14 13:34,40.7674,-73.9669,B02617,10065
8/26/14 21:19,40.7511,-73.9712,B02617,10017
7/10/14 19:38,40.6465,-73.79,B02682,11430
7/16/14 18:50,40.756,-73.973,B02617,10017
7/25/14 08:52,40.6487,-73.9696,B02617,11218
7/23/14 19:00,40.7282,-74.0057,B02598,10014
8/27/14 09:17,40.7576,-73.9312,B02598,11106
9/21/14 17:01,40.7644,-73.9687,B02682,10065
7/16/14 17:36,40.7206,-73.9958,B02617,10012
8/2/14 18:39,40.7212,-73.9924,B02682,10002
8/6/14 07:17,40.7746,-73.9496,B02617,10028
7/16/14 13:53,40.754,-73.9784,B02682,10017
8/7/14 07:54,40.7804,-73.9804,B02682,10023
9/27/14 13:07,40.7427,-73.9957,B02598,10011
9/14/14 08:53,40.7527,-73.9726,B02764,10017
8/31/14 22:35,40.7678,-73.9846,B02617,10019
8/30/14 12:31,40.6715,-74.0034,B02598,11231
9/15/14 21:56,40.7629,-73.9581,B02617,10065
7/19/14 17:19,40.7471,-73.9563,B02617,11109
8/30/14 12:31,40.7116,-73.949,B02617,11211
9/19/14 15:36,40.7739,-73.9457,B02598,10028
8/10/14 15:06,40.6451,-73.7822,B02598,11430
7/24/14 09:40,40.6834,-73.9556,B02598,11216
8/7/14 10:52,40.7841,-73.9502,B02598,10128
8/1/14 23:12,40.7216,-73.9805,B02617,10009
7/5/14 14:04,40.7285,-73.9788,B02682,10009
7/7/14 09:24,40.783,-73.9572,B02598,10128
7/11/14 00:08,40.745,-73.9841,B02617,10016
7/27/14 12:40,40.6977,-73.9937,B02682,11201
9/8/14 14:39,40.7481,-74.0035,B02598,10011
7/5/14 21:42,40.754,-73.9921,B02682,10018
9/24/14 22:21,40.7508,-73.9843,B02598,10018
9/13/14 09:07,40.7204,-73.9966,B02598,10013
9/21/14 15:02,40.7465,-73.9776,B02617,10016
8/16/14 15:00,40.7558,-73.9636,B02617,10022
8/4/14 06:29,40.7806,-73.9819,B02682,10023
7/21/14 22:25,40.7447,-73.9889,B02598,10001
9/14/14 20:01,40.7365,-74.0502,B02598,7306
9/10/14 09:42,40.7721,-73.9862,B02617,10023
9/22/14 18:32,40.7527,-73.9895,B02598,10018
9/30/14 14:47,40.6447,-73.782,B02617,11430
9/2/14 22:05,40.7443,-73.9927,B02617,10001
7/24/14 20:32,40.7421,-74.004,B02617,10011
8/20/14 07:57,40.7312,-73.9904,B02682,10003
8/12/14 16:22,40.789,-73.9542,B02617,10029
8/22/14 16:58,40.7325,-73.9991,B02617,10011
7/30/14 15:55,40.7642,-73.9738,B02598,10020
9/7/14 19:37,40.7394,-73.7858,B02598,11365
9/27/14 19:53,40.7409,-74.0075,B02598,10014
8/19/14 07:48,40.7363,-73.983,B02682,10003
8/27/14 19:13,40.816,-73.9078,B02764,10455
7/7/14 21:17,40.7567,-73.9751,B02598,10017
9/27/14 12:20,40.6728,-73.959,B02598,11238
7/25/14 09:00,40.7747,-73.956,B02617,10028
9/15/14 16:58,40.7612,-73.9738,B02682,10022
8/5/14 18:20,40.73,-73.9871,B02617,10003
8/27/14 17:01,40.7485,-73.9941,B02617,10001
9/28/14 13:34,40.7534,-73.9785,B02617,10017
9/26/14 11:35,40.75,-74.0058,B02682,10001
8/22/14 02:15,40.7217,-73.989,B02598,10002
7/31/14 06:03,40.7246,-73.976,B02598,10009
8/3/14 16:36,40.7564,-73.9927,B02682,10018
7/7/14 15:50,40.7517,-73.9934,B02617,10001
9/6/14 22:00,40.7652,-73.9657,B02617,10065
8/28/14 23:26,40.7344,-73.9928,B02617,10003
7/18/14 16:47,40.7093,-74.0101,B02682,10038
9/25/14 10:08,40.7038,-74.1856,B02682,7114
9/29/14 17:37,40.7415,-73.9876,B02617,10010
7/14/14 22:29,40.7599,-73.9912,B02617,10036
9/3/14 13:01,40.7639,-73.9786,B02682,10019
8/8/14 20:48,40.7586,-73.9703,B02598,10022
9/10/14 13:36,40.7309,-73.9024,B02617,11378
9/12/14 20:22,40.7332,-73.8576,B02682,11374
8/23/14 16:28,40.7311,-73.9755,B02682,10009
9/1/14 12:28,40.7815,-73.9797,B02617,10024
7/19/14 15:10,40.7163,-73.9878,B02682,10002
9/8/14 17:05,40.7531,-73.97,B02764,10017
9/22/14 21:30,40.7058,-73.9237,B02598,11237
8/17/14 21:34,40.774,-73.8718,B02682,11371
8/9/14 05:32,40.7188,-73.9958,B02598,10013
9/20/14 20:08,40.715,-73.9967,B02598,10002
8/24/14 10:54,40.6467,-73.7897,B02598,11430
7/19/14 17:18,40.7341,-73.9929,B02617,10003
8/15/14 21:47,40.7376,-74.0003,B02617,10011
8/26/14 16:20,40.7719,-73.9572,B02617,10021
8/2/14 13:25,40.7523,-73.9793,B02617,10017
9/17/14 22:17,40.7448,-73.9897,B02682,10001
9/9/14 20:49,40.7438,-73.9778,B02617,10016
9/13/14 00:01,40.7491,-73.9883,B02598,10001
7/27/14 15:24,40.678,-73.9615,B02682,11238
9/16/14 09:50,40.7536,-73.9724,B02598,10017
7/12/14 18:17,40.7241,-74.0365,B02682,7310
7/25/14 14:34,40.7498,-73.9813,B02682,10016
7/30/14 04:10,40.7238,-73.8063,B02598,11366
9/13/14 17:02,40.7386,-74.0021,B02764,10011
8/28/14 21:06,40.7097,-74.0105,B02598,10006
9/12/14 20:33,40.7413,-73.9784,B02598,10016
9/9/14 14:47,40.734,-74.0085,B02598,10014
8/12/14 17:00,40.7744,-73.9819,B02598,10023
9/12/14 21:32,40.7408,-73.9725,B02764,10016
7/11/14 19:14,40.7489,-73.9801,B02617,10016
8/2/14 15:45,40.7148,-73.9904,B02617,10002
7/2/14 18:14,40.7551,-73.9753,B02617,10167
9/11/14 21:56,40.7416,-73.9897,B02617,10010
8/29/14 12:28,40.7658,-73.9912,B02598,10019
7/2/14 11:58,40.7256,-74.0042,B02598,10013
9/14/14 15:15,40.7186,-73.9635,B02682,11249
8/21/14 19:15,40.7472,-73.9771,B02617,10016
8/31/14 00:19,40.7142,-73.9997,B02617,10013
8/14/14 21:50,40.7195,-74.0099,B02682,10013
9/23/14 23:02,40.7386,-73.9835,B02598,10010
7/11/14 15:12,40.7152,-74.0144,B02598,10282
9/7/14 18:30,40.8085,-73.91,B02682,10454
7/12/14 03:19,40.7413,-74.0063,B02617,10014
8/27/14 10:02,40.7529,-73.9815,B02682,10110
7/23/14 21:31,40.6922,-73.9889,B02617,11201
7/6/14 18:43,40.7583,-73.9814,B02617,10036
9/14/14 01:18,40.586,-73.6943,B02682,11561
9/5/14 18:20,40.717,-74.0042,B02617,10013
8/6/14 05:38,40.7742,-73.9631,B02617,10021
8/27/14 13:17,40.7376,-73.9918,B02682,10003
9/24/14 11:05,40.7153,-73.6031,B02598,11550
8/22/14 10:57,40.9481,-74.0759,B02617,7652
9/28/14 23:13,40.7384,-73.9826,B02598,10010
9/29/14 19:18,40.6446,-73.782,B02598,11430
8/8/14 01:11,40.7623,-73.9882,B02617,10019
8/20/14 19:29,40.7401,-74.0058,B02682,10014
8/17/14 13:42,40.7553,-73.974,B02764,10017
7/14/14 18:49,40.7416,-73.9874,B02617,10010
9/17/14 16:01,40.7192,-74.0021,B02617,10013
8/16/14 13:10,40.7628,-73.3049,B02764,11729
8/4/14 11:16,40.6829,-73.927,B02598,11233
9/3/14 10:56,40.7587,-73.9748,B02764,10022
8/20/14 13:58,40.7279,-73.9911,B02617,10003
9/25/14 07:59,40.7717,-73.9638,B02617,10021
8/17/14 11:47,40.7476,-73.9854,B02617,10001
8/10/14 18:40,40.7255,-74.009,B02598,10013
7/17/14 19:49,40.7353,-74.0033,B02617,10014
9/21/14 13:50,40.7617,-73.9706,B02598,10022
7/7/14 21:26,40.7567,-73.9826,B02682,10036
7/27/14 13:54,40.7686,-73.8626,B02617,11371
9/6/14 21:50,40.7162,-74.0654,B02598,7304
8/26/14 18:18,40.7562,-73.9821,B02682,10036
9/19/14 01:21,40.7217,-73.9582,B02682,11249
7/12/14 22:03,40.7452,-73.9907,B02598,10010
7/14/14 09:08,40.7486,-73.9214,B02682,11104
8/4/14 18:46,40.7525,-73.9733,B02682,10017
8/14/14 20:25,40.6448,-73.7819,B02617,11430
7/29/14 20:55,40.7141,-73.9978,B02598,10038
8/9/14 08:07,40.7286,-73.9761,B02598,10009
9/28/14 16:29,40.717,-73.9579,B02682,11211
9/16/14 11:20,40.6171,-74.021,B02617,11228
8/16/14 20:34,40.2202,-74.002,B02512,7712
9/30/14 11:34,40.8101,-73.9471,B02617,10027
9/27/14 20:43,40.7064,-73.927,B02598,11237
9/15/14 17:00,40.7564,-74.0017,B02617,10001
8/17/14 22:20,40.7254,-74.0065,B02598,10013
8/5/14 08:54,40.7072,-74.0045,B02617,10038
8/21/14 11:38,40.8349,-73.9398,B02598,10032
9/17/14 21:27,40.7235,-73.9966,B02617,10012
9/6/14 22:04,40.729,-73.9873,B02617,10003
8/7/14 23:35,40.748,-73.988,B02598,10001
8/8/14 23:43,40.756,-73.9674,B02682,10022
8/21/14 12:56,40.75,-73.9833,B02598,10016
9/18/14 13:59,40.7575,-73.9825,B02598,10036
8/5/14 14:14,40.7407,-74.0068,B02617,10014
9/21/14 16:47,40.7146,-73.9909,B02682,10002
7/10/14 00:00,40.743,-74.0005,B02682,10011
9/20/14 14:17,40.7407,-74.0078,B02617,10014
9/10/14 16:58,40.7265,-74.0074,B02617,10013
8/24/14 21:39,40.6485,-73.7825,B02682,11430
9/23/14 04:58,40.7553,-73.9675,B02598,10022
8/26/14 15:34,40.7483,-73.9806,B02598,10016
9/26/14 14:45,40.7138,-73.9922,B02764,10002
9/15/14 15:40,40.9267,-73.8398,B02764,10552
9/11/14 19:46,40.7209,-73.9957,B02682,10012
8/2/14 01:00,40.7997,-73.9376,B02617,10035
8/5/14 18:15,40.705,-74.0159,B02617,10004
7/12/14 16:04,40.7266,-73.9892,B02617,10003
8/23/14 16:28,40.6742,-73.9656,B02598,11238
9/20/14 22:04,40.7311,-73.9921,B02598,10003
7/10/14 18:00,40.7457,-73.9799,B02598,10016
9/8/14 14:39,40.7274,-73.992,B02617,10003
9/15/14 18:41,40.7653,-73.9753,B02682,10019
7/29/14 14:04,40.7324,-73.9771,B02682,10009
9/27/14 17:21,40.7507,-73.9985,B02617,10199
7/23/14 02:53,40.6998,-73.7717,B02598,11412
9/18/14 17:46,40.7554,-73.995,B02598,10018
7/2/14 20:26,40.7751,-73.9634,B02617,10075
8/16/14 18:38,40.7722,-73.9528,B02598,10075
9/3/14 15:15,40.7669,-73.9826,B02598,10019
8/13/14 06:34,40.7329,-74.004,B02682,10014
7/10/14 10:47,40.8703,-73.8871,B02598,10458
9/25/14 15:21,41.0155,-73.7269,B02617,10605
9/7/14 05:18,40.72,-73.9554,B02682,11249
7/18/14 22:18,40.7265,-73.9891,B02682,10003
9/5/14 15:33,40.7228,-73.9982,B02598,10012
9/24/14 13:29,40.7254,-73.9988,B02617,10012
7/24/14 17:03,40.7253,-73.9941,B02617,10012
7/3/14 15:47,40.7358,-73.9918,B02598,10003
7/13/14 12:02,40.7562,-73.9213,B02682,11101
9/7/14 01:16,40.7649,-73.9784,B02617,10019
9/18/14 22:24,40.8446,-73.939,B02682,10032
9/13/14 11:09,40.7476,-73.981,B02598,10016
8/6/14 20:00,40.7411,-73.9882,B02617,10010
7/15/14 11:16,40.7654,-73.9798,B02617,10019
7/25/14 22:16,40.674,-73.9561,B02598,11216
7/13/14 03:04,40.7719,-73.9881,B02598,10023
9/7/14 20:17,40.7625,-73.9793,B02764,10019
9/14/14 15:03,40.714,-73.9998,B02764,
9/21/14 08:29,40.7608,-73.9998,B02617,10036
7/9/14 17:50,40.7239,-73.9962,B02598,10012
7/18/14 12:08,40.6878,-74.1821,B02598,7114
7/25/14 16:45,40.763,-73.9776,B02682,10019
9/12/14 19:04,40.7035,-74.0113,B02617,10004
7/10/14 17:34,40.7334,-74.0048,B02598,10014
9/13/14 09:02,40.7926,-73.9732,B02617,10025
7/5/14 16:51,40.6921,-74.0004,B02598,11201
8/14/14 10:34,40.7938,-73.9759,B02598,10025
8/5/14 18:15,40.7554,-73.976,B02598,10017
7/31/14 06:27,40.7265,-73.9774,B02598,10009
9/10/14 18:36,40.755,-73.9734,B02682,10017
9/13/14 16:50,40.7459,-73.9998,B02598,10011
7/9/14 21:12,40.7676,-73.9827,B02617,10019
8/10/14 16:00,40.7412,-73.977,B02682,10016
8/31/14 15:41,40.7611,-73.9857,B02598,10019
9/15/14 20:33,40.7488,-74.007,B02617,10011
7/4/14 12:23,40.7726,-73.9455,B02598,10028
8/13/14 20:21,40.7216,-74.0025,B02512,10013
9/27/14 18:40,40.7807,-73.9729,B02512,10024
8/10/14 18:43,40.7146,-73.9929,B02617,10002
7/25/14 19:24,40.6955,-73.9262,B02617,11221
9/11/14 20:33,40.7356,-74.0032,B02617,10014
8/27/14 09:53,40.7128,-74.0381,B02617,7302
7/24/14 15:33,40.7586,-73.9776,B02682,10020
7/30/14 21:21,40.7237,-74.0001,B02617,10012
8/5/14 05:29,40.6856,-73.9876,B02617,11217
9/26/14 12:50,40.9017,-74.1652,B02682,7503
9/25/14 18:50,40.7433,-73.9892,B02598,10010
8/27/14 13:13,40.7481,-74.0001,B02598,10001
7/26/14 14:33,40.7212,-73.9834,B02682,10002
7/28/14 11:00,40.7048,-74.0116,B02598,10004
9/26/14 23:28,40.7376,-74.0083,B02764,10014
7/14/14 18:33,40.7594,-73.9859,B02617,10036
8/18/14 06:35,40.7155,-73.9538,B02617,11211
9/10/14 17:29,40.74,-74.0053,B02617,10014
7/4/14 20:27,40.6918,-73.9658,B02617,11205
8/18/14 19:55,40.7233,-73.9914,B02512,10002
8/7/14 07:18,40.7678,-73.9954,B02617,10019
8/3/14 09:27,40.7162,-73.9027,B02682,11378
9/11/14 05:12,40.6704,-73.943,B02682,11213
9/8/14 15:54,40.723,-74.0049,B02682,10013
8/22/14 22:43,40.7471,-73.9792,B02764,10016
7/15/14 12:24,40.7147,-74.0093,B02598,10007
8/19/14 08:40,40.7219,-74.004,B02598,10013
7/28/14 22:20,40.7381,-73.989,B02617,10003
7/17/14 11:27,40.7738,-73.9607,B02617,10075
9/15/14 23:39,40.7555,-73.9874,B02617,10036
9/20/14 15:52,40.736,-73.9998,B02617,10011
9/18/14 00:43,40.7517,-73.9882,B02617,10018
7/2/14 07:46,40.7437,-73.9766,B02512,10016
9/17/14 18:17,40.7232,-73.9786,B02598,10009
9/6/14 14:26,40.8503,-73.9402,B02617,10033
9/11/14 15:19,40.7516,-73.9938,B02617,10001
8/27/14 22:27,40.7588,-73.9733,B02598,10022
9/17/14 23:15,40.7148,-74.0059,B02598,10007
9/7/14 07:43,40.6006,-73.9439,B02598,11229
9/4/14 20:31,40.6868,-73.9777,B02682,11217
8/6/14 18:58,40.6467,-73.7898,B02598,11430
8/7/14 11:34,40.7696,-73.9602,B02682,10021
7/27/14 20:34,40.7682,-73.8621,B02598,11371
7/14/14 09:31,40.7645,-73.9101,B02617,11377
8/9/14 20:06,40.7457,-73.9468,B02598,11101
8/1/14 11:37,40.7592,-73.9652,B02617,10022
7/22/14 07:21,40.7183,-73.9618,B02512,11249
7/1/14 10:06,40.7126,-74.0098,B02598,10007
8/12/14 07:38,40.7225,-73.9865,B02617,10002
7/30/14 13:33,40.7512,-73.9891,B02682,10001
8/29/14 22:55,40.7476,-73.985,B02682,10016
8/4/14 14:42,40.754,-73.975,B02617,10017
7/11/14 20:34,40.7753,-73.95,B02598,10028
9/30/14 19:14,40.7436,-73.973,B02764,10016
8/12/14 12:56,40.7239,-73.9964,B02598,10012
8/1/14 00:34,40.7285,-74.0002,B02617,10012
8/11/14 16:31,40.6917,-73.9519,B02617,11205
8/5/14 12:56,40.7298,-74.0038,B02617,10014
8/13/14 16:01,40.7515,-73.9877,B02512,10018
9/15/14 10:44,40.7689,-73.9314,B02617,11102
7/3/14 11:50,40.7586,-73.8297,B02598,11354
8/9/14 16:31,40.7679,-73.867,B02598,11369
7/2/14 19:33,40.7638,-73.9802,B02617,10019
7/15/14 17:56,40.759,-73.9833,B02598,10036
7/21/14 01:29,40.7073,-73.9538,B02598,11211
9/11/14 22:14,40.7094,-74.0057,B02617,10038
8/27/14 10:43,40.7167,-74.0925,B02682,7305
9/5/14 19:37,40.7619,-73.983,B02617,10019
9/2/14 18:56,40.7624,-73.9731,B02617,10022
9/14/14 18:14,40.7731,-73.9525,B02512,10075
7/30/14 18:07,40.7564,-73.9745,B02598,10171
9/24/14 08:31,40.8085,-73.9394,B02764,10035
9/22/14 17:39,40.7275,-74.0032,B02598,10014
9/20/14 20:31,40.7615,-73.9699,B02682,10022
7/31/14 20:04,40.7277,-74.007,B02617,10014
7/15/14 17:37,40.7454,-73.9784,B02598,10016
8/14/14 04:31,40.8279,-73.9495,B02598,10031
8/8/14 21:12,40.732,-74.0034,B02617,10014
7/19/14 15:02,40.7348,-73.9911,B02598,10003
9/7/14 12:09,40.7074,-74.0138,B02682,10006
8/7/14 12:09,40.7585,-73.9787,B02598,10112
9/29/14 17:07,40.7665,-73.9648,B02598,10065
7/27/14 09:47,40.6832,-73.979,B02617,11217
9/13/14 00:41,40.7443,-74.0066,B02617,10011
8/6/14 21:21,40.7418,-74.0038,B02598,10011
7/17/14 19:08,40.7204,-73.9873,B02682,10002
7/11/14 17:02,40.7504,-73.9736,B02598,10017
9/24/14 20:32,40.7142,-73.9652,B02617,11249
9/3/14 08:09,40.6754,-73.9577,B02682,11238
7/27/14 19:04,40.713,-73.9882,B02682,10002
9/20/14 21:35,40.7604,-73.9863,B02682,10036
9/4/14 15:36,40.7151,-74.0133,B02682,10007
9/4/14 07:53,40.7437,-73.9995,B02617,10011
9/17/14 10:09,40.7399,-73.9794,B02617,10016
7/2/14 07:37,40.7518,-73.9394,B02598,11101
8/16/14 16:26,40.7577,-73.8343,B02617,11354
7/15/14 10:30,40.7422,-73.9743,B02617,10016
8/20/14 21:10,40.7443,-73.9862,B02617,10016
7/31/14 20:55,40.7406,-73.9892,B02598,10010
8/31/14 20:05,40.7193,-73.9896,B02598,10002
8/14/14 06:13,40.7211,-73.9437,B02617,11222
7/14/14 21:23,40.7247,-73.9945,B02598,10012
9/8/14 19:37,40.7552,-73.9681,B02617,10022
9/8/14 04:13,41.0097,-73.6877,B02598,10573
7/8/14 06:22,40.7152,-74.0156,B02682,10282
9/23/14 16:50,40.7221,-73.8364,B02598,11375
7/30/14 18:08,40.754,-73.9805,B02598,10017
8/21/14 18:06,40.7478,-73.9886,B02598,10001
9/5/14 10:16,40.7606,-73.9696,B02682,10022
7/13/14 04:02,40.6758,-73.9471,B02617,11216
7/27/14 20:25,40.7626,-74.0012,B02617,10036
9/10/14 01:53,40.7537,-73.9791,B02764,10173
9/10/14 05:19,40.7362,-73.748,B02617,11364
9/10/14 18:45,40.7245,-73.9933,B02617,10012
7/18/14 13:41,40.7255,-74.0055,B02598,10013
7/20/14 17:46,40.7161,-74.015,B02617,10282
9/23/14 15:27,40.7437,-73.9836,B02617,10016
8/30/14 18:44,40.7869,-73.9494,B02682,10029
7/20/14 15:52,40.712,-73.9631,B02617,11249
8/17/14 09:22,40.7165,-73.9887,B02617,10002
9/15/14 10:13,40.7538,-73.9776,B02598,10017
7/11/14 22:09,40.7021,-73.8792,B02598,11385
8/14/14 16:04,40.7077,-73.9612,B02617,11211
9/28/14 16:33,40.8183,-73.9266,B02617,10451
7/30/14 13:37,40.7741,-73.9812,B02617,10023
9/7/14 08:47,40.7157,-73.947,B02682,11211
9/30/14 08:18,40.7829,-73.9553,B02512,10128
8/19/14 23:36,40.6976,-73.9367,B02764,11206
7/20/14 17:48,40.7088,-74.0008,B02682,10038
9/17/14 00:05,40.7409,-74.0078,B02512,10014
9/13/14 19:49,40.7351,-73.9893,B02764,10003
8/3/14 15:00,40.7209,-73.9968,B02617,10012
8/17/14 12:29,40.727,-74.0019,B02598,10012
9/2/14 13:39,40.6883,-73.9786,B02764,11217
7/12/14 23:03,40.8181,-74.2404,B02617,7052
8/4/14 17:12,40.7469,-73.9848,B02617,10016
9/6/14 10:35,40.8093,-73.9587,B02617,10027
7/18/14 19:18,40.7709,-73.8658,B02617,11371
7/14/14 17:47,40.7602,-73.9652,B02617,10022
9/7/14 20:16,40.6448,-73.782,B02598,11430
7/6/14 22:27,40.8554,-73.8828,B02598,10458
8/25/14 13:05,40.7532,-73.9793,B02512,10017
9/24/14 18:31,40.7421,-74.0039,B02682,10011
8/2/14 07:48,40.8103,-73.9645,B02617,10027
9/2/14 05:56,40.7471,-73.9967,B02598,10001
8/9/14 22:37,40.7524,-73.9734,B02598,10017
9/9/14 18:00,40.6817,-73.963,B02682,11238
7/2/14 17:09,40.7541,-73.9883,B02682,10018
7/20/14 11:26,40.7582,-74.0008,B02682,10018
7/26/14 17:27,40.7868,-73.9809,B02617,10024
9/26/14 22:46,40.7394,-73.9958,B02617,10114
8/17/14 05:54,40.7468,-73.9411,B02598,11101
9/3/14 14:46,40.6769,-73.9802,B02764,11217
9/6/14 19:42,40.7365,-73.9814,B02512,10010
7/10/14 15:57,40.7228,-74.0017,B02682,10012
7/18/14 21:30,40.7402,-74.0071,B02598,10014
8/2/14 21:09,40.6626,-73.9959,B02617,11232
7/11/14 18:32,40.7553,-73.9623,B02682,10022
9/29/14 08:03,40.8704,-73.8779,B02764,10467
7/23/14 21:08,40.7493,-73.9767,B02598,10016
9/8/14 06:15,40.7732,-73.8856,B02682,11371
7/19/14 06:53,40.7302,-73.9935,B02617,10003
9/9/14 10:05,40.7414,-73.9977,B02598,10011
9/17/14 10:25,40.7583,-73.9872,B02682,10036
7/14/14 23:09,40.7089,-74.0101,B02598,10045
9/28/14 00:27,40.6816,-73.9572,B02617,11238
9/22/14 10:48,40.7243,-73.9987,B02598,10012
7/30/14 12:21,40.7568,-73.9743,B02598,10022
8/6/14 20:47,40.6829,-73.927,B02617,11233
9/5/14 17:00,40.7221,-74.0006,B02617,10013
8/15/14 21:22,40.7026,-74.0137,B02617,10004
7/10/14 09:21,40.7714,-73.9644,B02617,10021
9/13/14 19:02,40.7787,-73.9559,B02617,10028
7/21/14 18:38,40.6781,-73.9451,B02598,11216
9/20/14 18:23,40.7407,-74.005,B02764,10014
9/17/14 20:54,40.763,-73.9718,B02617,10022
8/10/14 16:26,40.7357,-73.7824,B02682,11365
8/27/14 09:52,40.711,-73.9617,B02598,11211
7/31/14 14:10,40.7219,-73.992,B02598,10002
8/2/14 18:37,40.7892,-73.9756,B02598,10024
8/2/14 19:41,40.7613,-73.9737,B02617,10022
9/4/14 15:58,40.7511,-73.9798,B02598,10016
9/19/14 09:03,40.719,-73.9934,B02617,10002
7/24/14 22:21,40.6601,-73.9406,B02598,11203
9/27/14 14:41,40.6719,-74.0105,B02764,11231
9/7/14 02:00,40.7761,-73.9553,B02598,10028
9/7/14 14:57,40.8294,-73.9283,B02617,10452
9/10/14 17:57,40.764,-73.9567,B02764,10065
8/6/14 14:03,40.7702,-73.9875,B02598,10019
7/24/14 20:54,40.758,-73.9819,B02682,10036
9/23/14 15:33,40.7415,-73.9875,B02682,10010
9/1/14 14:46,40.7631,-73.9699,B02764,10022
9/6/14 02:35,40.7185,-73.9886,B02617,10002
8/14/14 18:05,40.7525,-73.9793,B02598,10017
9/2/14 21:09,40.7396,-74.0021,B02617,10011
7/24/14 23:51,40.6952,-74.1775,B02598,7114
9/10/14 19:49,40.7626,-73.97,B02682,10022
7/23/14 20:49,40.7398,-73.9911,B02617,10011
8/27/14 20:25,40.7224,-73.9918,B02682,10002
9/29/14 10:04,40.7234,-73.9975,B02764,10012
8/8/14 14:25,40.7551,-73.9849,B02682,10036
8/9/14 19:20,40.7094,-74.0065,B02512,10038
7/25/14 21:03,40.7522,-73.9779,B02617,10017
7/17/14 18:28,40.7391,-73.9904,B02617,10003
8/5/14 17:57,40.6936,-73.956,B02682,11205
9/6/14 14:36,40.721,-73.9956,B02682,10012
8/20/14 21:17,40.7702,-73.9915,B02617,10019
9/22/14 21:04,40.69,-73.9662,B02598,11205
7/8/14 20:55,40.7345,-74.0007,B02617,10014
9/29/14 10:48,40.7538,-73.9977,B02617,10001
8/9/14 16:59,40.7624,-73.9711,B02598,10022
9/24/14 15:56,40.7982,-73.6632,B02617,11576
8/17/14 19:28,40.7064,-74.0092,B02682,10005
9/4/14 11:43,40.7913,-73.9677,B02598,10025
9/15/14 20:54,40.7738,-73.8714,B02617,11371
9/5/14 00:35,40.7562,-73.9908,B02598,10018
7/14/14 15:51,40.7775,-73.9507,B02617,10028
7/31/14 11:46,40.7653,-73.9724,B02682,10065
7/14/14 20:19,40.7289,-74.0026,B02617,10012
7/23/14 14:20,40.6833,-73.9072,B02682,11207
8/22/14 20:10,40.8273,-73.9241,B02682,10451
9/20/14 11:36,40.7113,-73.9677,B02598,11249
9/20/14 05:21,40.7738,-73.9823,B02764,10023
7/4/14 17:16,40.6878,-73.915,B02682,11221
9/17/14 15:21,40.7319,-74.0093,B02598,10014
9/2/14 16:05,40.7697,-73.9651,B02512,10021
7/16/14 05:53,40.7387,-74.0095,B02682,10014
7/18/14 07:57,40.7262,-73.9784,B02617,10009
7/28/14 06:41,40.8212,-73.9067,B02617,10456
9/1/14 08:29,40.825,-73.9524,B02598,10031
9/3/14 20:30,40.727,-73.9843,B02682,10009
9/30/14 18:17,40.7377,-73.9902,B02764,10003
8/27/14 23:40,40.6444,-73.7821,B02617,11430
7/30/14 06:38,40.7562,-73.9891,B02617,10036
8/14/14 21:48,40.7575,-73.9666,B02764,10022
8/20/14 07:29,40.7984,-73.9728,B02617,10025
9/18/14 13:54,40.7666,-73.983,B02598,10019
9/22/14 21:37,40.7614,-73.9814,B02617,10019
7/16/14 10:14,40.76,-73.9738,B02617,10022
8/15/14 22:01,40.7359,-73.876,B02617,11373
9/25/14 15:54,40.7406,-74.0078,B02682,10014
7/22/14 10:07,40.7483,-73.9925,B02617,10001
9/27/14 21:17,40.7215,-73.9949,B02598,10012
8/15/14 22:52,40.72,-73.9989,B02598,10013
9/10/14 19:04,40.7559,-73.9831,B02764,10036
9/14/14 12:08,40.7618,-73.9827,B02682,10019
8/1/14 02:32,40.7344,-74.0062,B02682,10014
7/2/14 06:26,40.7275,-73.9833,B02617,10009
8/18/14 16:49,40.7598,-73.9782,B02617,10104
9/6/14 19:35,40.7457,-73.9835,B02598,10016
7/18/14 00:20,40.7436,-74.0033,B02617,10011
8/2/14 04:52,40.7398,-73.9871,B02617,10010
9/20/14 19:16,40.7651,-73.966,B02598,10065
9/2/14 21:39,40.7587,-73.9742,B02617,10022
8/27/14 17:48,40.7568,-73.9743,B02598,10022
7/17/14 17:18,40.8071,-73.9552,B02617,10026
7/10/14 19:16,40.7607,-73.9675,B02682,10022
8/25/14 23:27,40.6355,-73.9635,B02682,11226
7/10/14 01:44,40.7446,-73.9814,B02598,10016
8/4/14 18:09,40.7472,-73.9933,B02598,10001
7/6/14 18:51,40.7362,-73.9959,B02617,10011
7/22/14 14:02,40.774,-73.8726,B02598,11371
9/26/14 07:05,40.7476,-74.0019,B02764,10011
9/23/14 18:53,40.7643,-73.9737,B02682,10020
9/17/14 19:54,40.7685,-73.8625,B02764,11371
7/8/14 00:21,40.7437,-74.0033,B02682,10011
8/28/14 21:41,40.7411,-73.9979,B02598,10011
7/14/14 22:27,40.7461,-73.9453,B02617,11101
7/31/14 20:34,40.7553,-73.9807,B02617,10036
8/30/14 15:20,40.8539,-73.8724,B02764,10460
7/13/14 23:54,40.7744,-73.8726,B02617,11371
7/16/14 23:43,40.7213,-73.9877,B02598,10002
7/31/14 21:45,40.7358,-74.0061,B02682,10014
8/12/14 20:14,40.7741,-73.8731,B02617,11371
8/27/14 21:43,40.6919,-73.9947,B02617,11201
8/12/14 18:21,40.7445,-73.9888,B02682,10001
7/27/14 04:18,40.7407,-73.9982,B02598,10011
9/15/14 16:55,40.7503,-73.9791,B02764,10016
8/7/14 13:02,40.7706,-73.9823,B02598,10023
9/20/14 15:02,40.7169,-74.0055,B02598,10013
9/17/14 18:40,40.6857,-73.9694,B02617,11238
7/25/14 07:06,40.7644,-73.966,B02598,10065
9/6/14 22:17,40.7849,-73.9558,B02617,10128
9/15/14 00:25,40.6485,-73.7826,B02598,11430
9/8/14 15:07,40.7536,-73.972,B02682,10017
9/28/14 16:57,40.7356,-73.975,B02617,10010
9/2/14 18:46,40.6498,-73.8092,B02617,11430
9/11/14 16:00,40.7281,-73.9881,B02617,10003
9/28/14 19:43,40.717,-74.0108,B02682,10013
7/19/14 14:52,40.7469,-73.8904,B02617,11372
8/5/14 07:19,40.7612,-73.971,B02512,10022
9/24/14 08:39,40.7567,-73.9925,B02598,10018
7/7/14 07:48,40.7874,-73.9719,B02512,10024
9/11/14 15:33,40.7593,-73.9745,B02598,10022
9/7/14 17:19,40.7798,-73.988,B02682,10069
7/28/14 13:24,40.7507,-73.9979,B02682,10001
8/20/14 04:27,40.7718,-73.9893,B02598,10023
9/14/14 17:12,40.752,-73.985,B02598,10018
8/9/14 10:16,40.735,-73.9853,B02682,10003
7/16/14 19:04,40.7509,-73.9864,B02682,10018
9/21/14 18:11,40.6864,-73.9229,B02598,11221
7/17/14 09:49,40.7675,-73.9563,B02598,10021
8/1/14 20:27,40.7656,-73.9574,B02617,10065
7/14/14 12:43,40.7249,-74.0077,B02682,10013
8/6/14 22:44,40.7169,-74.0127,B02598,10001
9/25/14 16:56,40.7367,-73.9907,B02598,10003
7/31/14 21:55,40.734,-74.0027,B02512,10014
8/1/14 09:04,40.7535,-73.7081,B02598,11040
7/23/14 06:28,40.7245,-73.9918,B02617,10003
8/18/14 08:10,40.7474,-73.9781,B02617,10016
8/11/14 22:49,40.6575,-73.9435,B02598,11203
7/25/14 01:02,40.7339,-73.9994,B02617,10014
7/22/14 12:44,40.7444,-73.9918,B02617,10010
7/16/14 17:28,40.719,-74.0021,B02682,10013
7/18/14 13:00,40.7195,-73.9867,B02617,10002
9/24/14 22:40,40.6949,-74.1776,B02617,7114
8/2/14 01:55,40.7296,-73.9882,B02764,10003
8/23/14 22:57,40.7258,-73.9896,B02617,10003
7/13/14 01:18,40.8954,-73.8382,B02617,10550
8/7/14 23:40,40.7244,-73.9911,B02682,10003
8/28/14 19:50,40.6619,-73.7096,B02617,11581
9/26/14 23:28,40.7652,-73.9843,B02617,10019
9/4/14 11:22,40.7386,-73.9936,B02764,10011
7/2/14 19:00,40.7028,-73.9906,B02598,11201
8/15/14 13:45,40.7418,-74.0049,B02598,10011
7/8/14 09:45,40.7758,-73.9772,B02617,10023
7/9/14 14:29,40.6873,-73.9799,B02617,11217
9/19/14 11:22,40.7434,-73.9891,B02764,10010
9/23/14 14:55,40.7333,-73.9932,B02598,10003
7/21/14 16:49,40.7255,-74.0054,B02682,10013
9/17/14 19:19,40.7172,-74.0048,B02598,10013
8/28/14 12:58,40.7252,-73.9954,B02682,10012
7/19/14 17:28,40.7393,-73.9827,B02598,10010
8/4/14 11:18,40.7318,-73.9965,B02598,10003
9/17/14 17:51,40.7354,-73.9916,B02764,10003
8/27/14 15:28,40.7249,-73.8485,B02682,11375
9/7/14 20:29,40.7741,-73.8725,B02764,11371
8/26/14 07:11,40.771,-73.8658,B02598,11371
9/6/14 14:15,40.8488,-73.9345,B02617,10033
7/14/14 14:32,40.7421,-74.0073,B02682,10014
8/4/14 21:05,40.7805,-73.9222,B02617,11105
9/12/14 16:37,40.7315,-74.0032,B02764,10014
8/17/14 16:48,40.6873,-73.9509,B02598,11216
8/11/14 15:37,40.7072,-74.0069,B02682,10038
9/28/14 20:33,40.6824,-73.9251,B02617,11233
9/12/14 10:27,40.7788,-73.9778,B02682,10023
8/23/14 17:35,40.8327,-73.9895,B02598,7010
8/19/14 16:10,40.7088,-74.0097,B02617,10005
9/15/14 07:56,40.7255,-74.0056,B02598,10013
8/6/14 19:47,40.601,-73.5061,B02617,11793
8/17/14 11:54,40.6297,-73.9602,B02617,11230
7/31/14 12:02,40.7742,-73.8726,B02598,11371
9/29/14 21:02,40.8398,-73.8349,B02764,10461
8/21/14 06:48,40.7276,-73.9934,B02617,10012
8/7/14 09:24,40.7484,-73.9887,B02682,10001
8/8/14 14:21,40.7243,-74.0012,B02598,10012
7/25/14 23:37,40.7075,-73.9493,B02617,11206
9/2/14 13:10,40.6977,-73.968,B02682,11205
7/13/14 19:18,40.7486,-73.9902,B02617,10001
9/23/14 06:38,40.7303,-74.003,B02617,10014
8/29/14 09:17,40.7419,-73.9808,B02682,10016
8/8/14 17:43,40.7111,-74.0089,B02617,10007
7/18/14 17:24,40.7073,-73.9505,B02682,11211
7/16/14 16:21,40.761,-73.9836,B02598,10019
8/14/14 16:06,40.7231,-74.0065,B02598,10013
8/29/14 14:15,40.6966,-73.9705,B02682,11205
8/20/14 10:47,40.742,-73.9923,B02617,10010
7/24/14 20:19,40.7497,-73.979,B02682,10016
9/2/14 15:35,40.7586,-73.9817,B02617,10036
7/12/14 07:45,40.7039,-73.9253,B02598,11237
8/11/14 16:25,40.7789,-73.9602,B02617,10028
7/8/14 22:45,40.6994,-73.9299,B02682,11221
7/19/14 10:16,40.7671,-73.9935,B02617,10019
7/13/14 15:32,40.743,-73.9969,B02617,10011
7/30/14 22:12,40.7341,-73.9898,B02598,10003
9/8/14 06:33,40.84,-73.8987,B02764,10457
9/23/14 17:05,40.7261,-73.995,B02598,10012
9/20/14 02:45,40.755,-73.9222,B02764,11101
8/16/14 22:46,40.7421,-74.0008,B02617,10011
9/9/14 17:47,40.7397,-74.0063,B02764,10014
9/12/14 11:20,40.7751,-73.9905,B02617,10069
8/31/14 15:23,40.7236,-74.0363,B02682,7310
7/3/14 19:53,40.7629,-73.9778,B02617,10019
8/4/14 17:52,40.8019,-73.9537,B02617,10026
9/23/14 12:55,40.7655,-73.9719,B02764,10065
7/22/14 16:25,40.7228,-73.996,B02682,10012
9/8/14 14:50,40.724,-73.9965,B02617,10012
9/30/14 16:53,40.723,-74,B02764,10012
8/14/14 20:54,40.7591,-73.9845,B02617,10036
9/29/14 05:05,40.6812,-73.9724,B02617,11217
8/27/14 18:57,40.7537,-74.0269,B02617,7030
7/16/14 21:07,40.7644,-73.9849,B02598,10019
8/9/14 09:20,40.6553,-73.9597,B02682,11226
9/12/14 20:12,40.7803,-73.9749,B02617,10024
7/27/14 00:39,40.7204,-74.0008,B02682,10013
9/13/14 09:28,40.7412,-73.9984,B02764,10011
7/21/14 13:17,40.7527,-74.0077,B02682,10001
9/12/14 03:41,40.7447,-73.9971,B02682,10011
9/2/14 11:15,40.7694,-73.9596,B02617,10021
9/4/14 16:32,40.678,-73.9573,B02617,11238
9/11/14 16:10,40.7602,-73.9753,B02617,10022
7/17/14 23:52,40.7145,-73.9655,B02682,11249
8/13/14 19:51,40.7549,-74.0001,B02682,10001
8/22/14 08:26,40.7751,-73.9634,B02598,10075
8/25/14 08:16,40.7677,-73.9915,B02682,10019
9/19/14 07:35,40.7435,-73.9891,B02617,10010
8/7/14 18:33,40.7507,-74.0055,B02617,10001
8/20/14 19:01,40.7487,-74.0057,B02682,10011
8/12/14 17:15,40.7234,-74.0079,B02617,10013
8/2/14 14:24,40.675,-73.9609,B02682,11238
8/30/14 20:41,40.733,-74,B02598,10011
9/30/14 15:50,40.7118,-73.9428,B02617,11211
9/20/14 23:31,40.6402,-73.9671,B02617,11218
7/18/14 13:22,40.7481,-73.9828,B02617,10016
8/17/14 18:34,40.6865,-73.985,B02617,11217
9/5/14 13:03,40.7378,-74.0038,B02682,10014
8/24/14 16:42,40.7308,-74.0069,B02598,10014
8/4/14 07:12,40.7153,-73.857,B02598,11375
8/29/14 20:14,40.7102,-73.9628,B02617,11211
9/27/14 02:23,40.7351,-73.9893,B02617,10003
9/16/14 20:13,40.7413,-73.9886,B02617,10010
7/8/14 18:12,40.7522,-73.9814,B02598,10017
8/12/14 06:21,40.7374,-73.981,B02617,10010
8/8/14 22:05,40.7401,-73.9948,B02598,10011
7/3/14 10:41,40.7841,-73.9526,B02512,10128
7/3/14 09:23,40.7352,-74.0007,B02682,10014
9/28/14 03:53,40.7607,-73.9993,B02682,10036
8/30/14 22:58,40.7573,-73.9857,B02617,10036
9/25/14 16:48,40.7721,-73.8859,B02598,11371
7/22/14 11:26,40.7487,-73.9944,B02617,10001
9/27/14 19:53,40.6953,-73.9961,B02617,11201
8/21/14 19:16,40.7632,-73.979,B02512,10105
9/8/14 18:07,40.7533,-73.97,B02682,10017
8/12/14 17:32,40.7278,-73.9882,B02598,10003
9/13/14 14:00,40.7274,-74.0006,B02682,10012
7/25/14 08:24,40.7651,-73.9194,B02682,11103
8/14/14 08:27,40.7721,-73.952,B02617,10075
9/21/14 00:46,40.7172,-73.9563,B02764,11211
9/2/14 11:00,40.7548,-73.9635,B02682,10022
9/21/14 16:31,40.7745,-73.9635,B02598,10075
8/9/14 19:42,40.7428,-73.9577,B02617,11101
8/17/14 08:31,40.7828,-73.9771,B02617,10024
7/1/14 17:59,40.7417,-74.0069,B02617,10016
8/18/14 06:38,40.7323,-73.9802,B02617,10009
8/16/14 14:53,40.7498,-73.9839,B02512,10018
8/8/14 08:20,40.7842,-73.9501,B02617,10128
7/24/14 17:56,40.7682,-73.8624,B02598,11371
8/24/14 16:35,40.7233,-73.9902,B02617,10002
7/17/14 23:23,40.7275,-73.985,B02598,10009
8/2/14 22:37,40.7377,-73.9899,B02682,10003
7/23/14 15:22,40.7269,-73.9947,B02682,10012
7/23/14 17:00,40.7049,-74.0118,B02617,10004
9/19/14 18:39,40.7513,-73.9986,B02764,10001
8/18/14 07:18,40.794,-73.9741,B02617,10025
8/7/14 14:29,40.7534,-73.9855,B02617,10018
7/5/14 22:36,40.7424,-74.0045,B02617,10011
7/2/14 11:42,40.7627,-73.9701,B02682,10022
7/30/14 17:07,40.7219,-73.9995,B02598,10012
8/14/14 22:47,40.7159,-74.0073,B02617,10013
9/5/14 17:47,40.7661,-73.9774,B02617,10019
8/11/14 13:10,40.7412,-73.9927,B02682,10010
7/29/14 07:56,40.6636,-73.6334,B02598,11570
8/25/14 07:14,40.7474,-73.9179,B02617,11104
9/2/14 16:46,40.9143,-73.8506,B02617,10704
8/9/14 22:11,40.6757,-74.0147,B02682,11231
7/20/14 13:16,40.7265,-73.9892,B02617,10003
7/25/14 14:29,40.7568,-73.9899,B02598,10036
7/23/14 17:25,40.7502,-73.9876,B02598,10001
8/8/14 07:22,40.7652,-73.9723,B02617,10065
8/8/14 08:45,40.7357,-73.9952,B02682,10011
7/19/14 20:26,40.7324,-74.0078,B02598,10014
7/24/14 01:09,40.7642,-73.9786,B02617,10019
8/11/14 19:28,40.7505,-73.9767,B02598,10017
7/24/14 14:42,40.7551,-73.9842,B02617,10036
9/17/14 18:03,40.7702,-73.9596,B02617,10021
9/20/14 12:30,40.7715,-73.9594,B02598,10021
9/8/14 13:41,40.7454,-74.0078,B02764,10011
9/26/14 09:18,40.7637,-73.9637,B02512,10065
7/19/14 00:50,40.7198,-73.9993,B02682,10013
7/1/14 18:47,40.7677,-73.981,B02598,10019
7/19/14 04:58,40.7251,-73.9971,B02682,10012
7/16/14 07:20,40.7566,-73.99,B02617,10018
9/20/14 16:59,40.7487,-73.9424,B02617,11101
8/10/14 20:30,40.718,-73.99,B02617,10002
9/8/14 19:26,40.7654,-73.9757,B02682,10019
9/11/14 17:36,40.7608,-73.9611,B02764,10065
9/19/14 14:51,40.7382,-73.9946,B02598,10011
7/2/14 15:27,40.7565,-73.9665,B02617,10022
7/2/14 19:36,40.7052,-74.0113,B02598,10005
9/26/14 16:31,40.7751,-73.965,B02598,10075
8/6/14 04:36,40.6456,-73.7768,B02682,11430
7/2/14 19:12,40.7408,-73.9817,B02617,10016
7/21/14 07:47,40.732,-74.0024,B02682,10014
8/15/14 21:11,40.7172,-73.9553,B02617,11211
9/26/14 19:43,40.7563,-73.9816,B02682,10036
8/2/14 11:44,40.7443,-73.9242,B02598,11104
9/12/14 20:00,40.7674,-73.9598,B02617,10021
7/13/14 22:07,40.6464,-73.7899,B02682,11430
7/19/14 11:21,40.7524,-73.9784,B02617,10165
7/29/14 10:15,40.706,-74.0037,B02617,10038
7/7/14 08:50,40.745,-73.9911,B02682,10001
7/12/14 10:56,40.7618,-73.9824,B02682,10019
8/25/14 17:00,40.752,-73.9809,B02598,10016
7/10/14 19:15,40.7596,-73.9742,B02598,10022
9/7/14 05:04,40.7238,-73.8064,B02617,11366
9/23/14 17:59,40.8857,-73.914,B02617,10463
7/25/14 22:17,40.7324,-73.993,B02598,10003
7/23/14 17:28,40.759,-73.9813,B02512,10020
9/15/14 06:28,40.7359,-73.9937,B02764,10003
9/5/14 15:21,40.7421,-73.9913,B02764,10010
9/18/14 06:22,40.7813,-73.9462,B02682,10128
8/9/14 10:05,40.689,-73.96,B02598,11238
8/26/14 11:34,40.7471,-74.0067,B02764,10011
7/11/14 23:55,40.7531,-74.0263,B02598,7030
8/19/14 11:29,40.7306,-73.9832,B02617,10003
7/10/14 23:17,40.7513,-73.9844,B02512,10018
8/2/14 20:51,40.7065,-74.0054,B02682,10038
9/6/14 15:22,40.7631,-73.974,B02764,10019
8/10/14 16:45,40.7462,-73.9886,B02617,10001
8/12/14 16:09,40.7603,-73.9741,B02598,10022
7/3/14 10:32,40.7791,-73.7813,B02617,11360
9/12/14 13:22,40.7473,-73.9935,B02764,10001
9/16/14 05:45,40.6876,-74.001,B02617,11231
8/26/14 07:17,40.7315,-74.0019,B02617,10014
7/12/14 19:14,40.6793,-74.0119,B02682,11231
9/10/14 10:38,40.75,-73.983,B02598,10016
7/2/14 16:19,40.7604,-73.9826,B02617,10019
9/6/14 16:21,40.7426,-73.9805,B02598,10016
7/22/14 18:53,40.7452,-73.9769,B02682,10016
8/30/14 18:39,40.7122,-73.9661,B02512,11249
7/27/14 15:34,40.7208,-73.9626,B02598,11249
8/3/14 00:36,40.7405,-74.0078,B02617,10014
7/20/14 13:36,40.7212,-73.9993,B02598,10013
8/26/14 23:12,40.7926,-73.9768,B02764,10024
9/20/14 22:34,40.6539,-73.9548,B02682,11226
7/14/14 22:23,40.7493,-73.9917,B02617,10001
8/30/14 13:26,40.7552,-73.9727,B02598,10017
7/24/14 19:37,40.771,-73.9218,B02598,11102
7/3/14 07:29,40.7187,-73.9636,B02617,11249
7/2/14 17:50,40.7221,-73.9887,B02682,10002
8/18/14 14:28,40.6961,-73.9834,B02617,11201
8/28/14 19:51,40.7419,-74.0039,B02682,10011
9/28/14 21:25,40.7619,-73.965,B02598,10022
7/28/14 13:48,40.7525,-73.9857,B02682,10018
8/3/14 20:22,40.642,-73.7886,B02617,11430
7/2/14 13:05,40.7644,-73.9796,B02682,10019
9/29/14 05:39,40.7232,-74.0025,B02682,10013
9/9/14 19:05,40.7177,-73.9992,B02512,10013
7/2/14 12:30,40.7591,-73.992,B02598,10036
9/25/14 19:05,40.8049,-73.9527,B02764,10026
7/22/14 21:54,40.7259,-74.0085,B02617,10013
8/30/14 06:51,40.6733,-73.9723,B02617,11215
8/13/14 08:20,40.7271,-73.9797,B02682,10009
9/24/14 08:16,40.7678,-73.9086,B02598,11103
9/24/14 19:14,40.7049,-73.9283,B02682,11237
7/18/14 15:55,40.7209,-73.9938,B02598,10002
7/17/14 17:29,40.7413,-73.9848,B02598,10010
8/1/14 08:33,40.7232,-73.9939,B02617,10012
8/12/14 20:48,40.7491,-74.0057,B02598,10011
9/23/14 21:26,40.7205,-73.9872,B02598,10002
8/3/14 18:59,40.7216,-74.0098,B02682,10013
7/30/14 13:33,40.7496,-73.9754,B02617,10017
7/21/14 20:50,40.8491,-73.9388,B02617,10033
8/23/14 20:25,40.7428,-73.9808,B02682,10016
9/4/14 12:20,40.715,-74.0121,B02598,10007
9/19/14 09:13,40.7382,-74,B02617,10011
9/12/14 19:44,40.7537,-73.9834,B02598,10018
9/25/14 07:12,40.8255,-73.9218,B02598,10451
8/21/14 15:07,40.7707,-73.982,B02764,10023
9/27/14 22:38,40.6795,-74.0119,B02682,11231
8/2/14 19:45,40.7549,-73.9917,B02598,10018
9/20/14 12:10,40.7462,-73.9941,B02682,10001
7/15/14 17:31,40.7514,-73.9796,B02598,10017
9/11/14 23:36,40.7147,-73.9914,B02598,10002
8/11/14 22:36,40.7473,-73.9971,B02617,10001
8/29/14 11:29,40.753,-73.988,B02598,10018
9/9/14 14:19,40.7433,-74.0076,B02617,10011
9/8/14 17:14,40.7573,-73.9823,B02598,10036
7/4/14 22:46,40.7265,-73.9563,B02682,11222
9/15/14 08:06,40.7812,-73.9596,B02617,10028
9/29/14 15:53,40.7619,-73.9696,B02617,10022
7/29/14 13:58,40.7017,-73.9871,B02598,11201
9/19/14 21:07,40.7248,-74.0078,B02764,10013
9/24/14 17:23,40.6521,-73.9726,B02682,11218
7/16/14 19:12,40.7589,-73.9766,B02598,10022
7/24/14 14:21,40.7457,-73.9921,B02617,10001
7/10/14 13:55,40.7562,-73.998,B02617,10018
7/26/14 22:21,40.7485,-73.993,B02598,10001
7/13/14 19:25,40.7875,-73.9687,B02598,10024
8/6/14 12:32,40.7232,-74.0026,B02598,10013
8/1/14 12:31,40.7458,-73.9827,B02617,10016
9/30/14 07:41,40.7157,-74.0076,B02617,10013
9/19/14 20:14,40.6466,-73.7897,B02598,11430
8/22/14 09:49,40.7442,-73.9846,B02598,10016
7/18/14 18:08,40.7505,-73.9986,B02617,10199
7/14/14 18:37,40.7552,-73.981,B02617,10036
7/18/14 22:28,40.7566,-73.967,B02682,10022
7/14/14 23:21,40.6757,-73.9552,B02682,11216
9/3/14 17:10,40.7857,-73.9502,B02682,10128
8/7/14 05:36,40.6486,-73.8959,B02764,11236
7/25/14 22:49,40.7122,-73.959,B02617,11211
8/3/14 00:42,40.72,-73.9876,B02598,10002
9/30/14 19:49,40.7608,-73.9756,B02764,10019
9/18/14 18:11,40.7231,-73.9992,B02617,10012
9/6/14 19:33,40.7411,-74.0034,B02617,10011
7/21/14 10:24,40.7634,-73.9778,B02617,10019
8/29/14 10:33,40.7671,-73.9683,B02617,10065
9/17/14 18:42,40.7654,-73.9787,B02682,10019
9/18/14 19:40,40.7593,-73.9729,B02764,10022
9/22/14 06:17,40.7329,-73.9795,B02617,10009
9/9/14 13:39,40.7286,-74.007,B02617,10014
7/17/14 20:29,40.7544,-73.9657,B02617,10022
9/6/14 01:55,40.674,-73.9567,B02617,11238
9/5/14 04:49,40.7442,-73.9949,B02617,10011
9/5/14 13:18,40.7467,-73.9839,B02682,10016
9/17/14 21:15,40.7388,-73.9854,B02598,10010
7/10/14 17:27,40.7543,-73.9744,B02682,10167
7/11/14 07:00,40.7251,-73.9387,B02617,11222
9/25/14 17:20,40.7276,-73.9914,B02764,10003
8/4/14 22:22,40.6552,-74.0063,B02682,11232
9/9/14 21:22,40.7521,-74.0028,B02764,10001
7/16/14 12:07,40.7614,-73.9762,B02682,10019
9/16/14 20:49,40.7557,-73.9872,B02764,10036
8/23/14 03:43,40.6978,-73.9279,B02764,11221
8/21/14 15:41,40.728,-74.0055,B02764,10014
9/15/14 14:00,40.7259,-73.9831,B02617,10009
9/17/14 20:22,40.7596,-73.9918,B02682,10036
7/1/14 17:17,40.7191,-74.009,B02598,10013
7/7/14 01:03,40.7607,-73.9786,B02598,10019
9/22/14 20:39,40.7271,-73.9588,B02617,11222
9/6/14 09:45,40.7797,-73.9481,B02682,10128
7/14/14 22:07,40.7434,-74.0074,B02617,10011
7/27/14 02:31,40.7619,-73.9864,B02682,10019
7/20/14 00:56,40.706,-73.9164,B02617,11237
7/2/14 15:55,40.7504,-73.9795,B02598,10016
9/19/14 19:05,40.7393,-73.9903,B02512,10003
9/7/14 09:47,40.6846,-73.9778,B02617,11217
7/15/14 20:57,40.7303,-73.9836,B02682,10003
7/19/14 00:21,40.7071,-73.9223,B02598,11237
9/5/14 16:55,40.6656,-73.8829,B02598,11207
8/2/14 01:47,40.7363,-73.9909,B02617,10003
9/4/14 16:34,40.7473,-73.9438,B02617,11101
8/22/14 00:36,40.6462,-73.7893,B02682,
8/28/14 20:44,40.6446,-73.7827,B02764,11430
7/1/14 13:34,40.7616,-73.9775,B02682,10019
7/1/14 08:09,40.7562,-73.9736,B02764,10017
8/22/14 12:37,40.7105,-74.0097,B02682,10007
9/9/14 08:08,40.6864,-73.9879,B02682,11217
9/11/14 03:31,40.7003,-73.9447,B02598,11206
8/21/14 21:46,40.7423,-74.0044,B02617,10011
8/19/14 23:01,40.6886,-74.1796,B02598,7114
8/2/14 21:32,40.7454,-73.9768,B02617,10016
7/20/14 17:29,40.7752,-73.9634,B02598,10075
9/6/14 12:10,40.7485,-74.006,B02598,10011
8/14/14 20:52,40.7084,-74.0007,B02682,10038
8/18/14 18:00,40.7155,-73.9869,B02764,10002
7/2/14 20:22,40.7637,-73.9262,B02682,11106
9/7/14 21:23,40.6842,-73.965,B02682,11238
9/12/14 16:46,40.7532,-73.9748,B02682,10017
7/20/14 01:03,40.756,-73.9727,B02682,10022
8/20/14 17:30,40.7552,-73.9932,B02598,10018
9/18/14 20:43,40.7995,-73.9699,B02617,10025
7/17/14 21:58,40.7552,-73.9706,B02598,10022
7/7/14 16:04,40.6564,-73.9488,B02598,11226
9/6/14 12:35,40.7634,-73.9814,B02617,10019
9/11/14 18:02,40.7257,-73.9844,B02764,10009
7/17/14 14:37,40.7053,-74.0069,B02617,10005
7/13/14 01:22,40.6788,-73.991,B02617,11231
8/20/14 21:00,40.7553,-73.9732,B02598,10017
8/30/14 20:26,41.0326,-73.8632,B02512,10533
7/31/14 19:27,40.726,-74.0095,B02617,10013
9/1/14 08:19,40.6808,-73.9582,B02598,11238
9/6/14 19:37,40.7151,-74.0093,B02617,10007
9/7/14 13:14,40.7339,-74.0063,B02512,10014
8/1/14 08:02,40.7564,-73.997,B02617,10018
8/18/14 07:23,40.6888,-73.9749,B02598,11217
7/15/14 15:20,40.7382,-73.6697,B02617,11040
9/14/14 10:02,40.7214,-73.9878,B02682,10002
9/23/14 22:05,40.7156,-73.9897,B02617,10002
7/15/14 18:20,40.7053,-74.0076,B02598,10005
7/21/14 15:29,40.756,-73.9771,B02682,10017
7/18/14 06:48,40.6445,-73.7818,B02617,11430
7/28/14 15:15,40.7306,-74.007,B02598,10014
8/13/14 06:31,40.7206,-73.9843,B02617,10002
8/10/14 18:07,40.7263,-73.9959,B02682,10012
8/6/14 06:02,40.7455,-73.9848,B02617,10016
8/19/14 21:41,40.759,-73.9882,B02617,10036
9/1/14 23:37,40.6443,-73.7821,B02512,11430
7/2/14 17:24,40.7346,-74.0094,B02682,10014
7/18/14 17:50,40.7463,-73.9794,B02598,10016
8/12/14 19:53,40.7593,-73.9724,B02512,10022
8/6/14 22:51,40.7211,-73.8442,B02617,11375
8/14/14 15:48,40.7528,-73.9802,B02598,10017
9/21/14 18:01,40.7078,-74.0055,B02617,10038
7/22/14 22:17,40.7299,-74.0005,B02617,10012
8/18/14 11:43,40.6908,-74.1781,B02617,7114
8/15/14 07:54,40.7398,-74.0025,B02617,10011
9/20/14 13:40,40.7077,-74.0135,B02617,10006
9/18/14 13:48,40.7349,-74.0075,B02617,10014
9/3/14 10:22,40.7417,-73.9934,B02682,10010
8/2/14 14:28,40.7619,-73.973,B02682,10022
8/16/14 19:07,40.7608,-73.9948,B02617,10036
7/13/14 02:26,40.9621,-74.0351,B02617,7649
7/3/14 19:22,40.7915,-73.9724,B02512,10025
8/7/14 14:24,40.7955,-73.9321,B02598,10035
7/12/14 18:31,40.7128,-74.0044,B02682,10007
9/2/14 20:20,40.7592,-73.9724,B02617,10022
9/5/14 22:55,40.7217,-74.001,B02617,10013
9/25/14 09:24,40.7888,-73.9764,B02512,10024
9/1/14 11:09,40.7528,-73.9682,B02617,10017
8/23/14 23:30,40.8175,-73.4652,B02617,11797
8/9/14 23:03,40.7189,-73.9644,B02617,11249
7/22/14 05:58,40.717,-74.0019,B02617,10013
9/9/14 08:22,40.7738,-73.8745,B02682,11371
8/26/14 08:24,40.7393,-74.0029,B02764,10014
9/25/14 10:21,40.7307,-73.9498,B02764,11222
9/30/14 12:44,40.7537,-73.9786,B02617,10017
7/25/14 12:44,40.7222,-73.9962,B02512,10012
7/5/14 15:08,40.762,-73.9772,B02598,10019
8/21/14 21:33,40.7023,-73.9896,B02617,11201
7/14/14 17:52,40.6682,-73.9506,B02617,
9/5/14 08:15,40.747,-74.0023,B02682,10011
9/13/14 14:45,40.7438,-74.0005,B02617,10011
8/12/14 21:13,40.7687,-73.8621,B02682,11371
8/31/14 15:39,40.6732,-74.0124,B02617,11231
9/4/14 14:50,40.7024,-74.0113,B02598,10004
7/2/14 18:53,40.742,-73.9893,B02617,10010
9/11/14 21:50,40.756,-73.9712,B02598,10022
8/9/14 16:48,40.6832,-73.9954,B02598,11231
9/30/14 09:46,40.7668,-73.9514,B02682,10021
9/11/14 13:09,40.7239,-74.0042,B02598,10013
7/21/14 06:30,40.7218,-73.9935,B02682,10012
9/7/14 02:47,40.7002,-73.9221,B02617,11237
7/17/14 12:23,40.7643,-73.9813,B02682,10019
9/18/14 20:46,40.731,-73.9857,B02764,10003
7/11/14 15:56,40.7725,-73.9668,B02598,10021
8/10/14 01:05,40.7409,-74.0075,B02598,10014
7/26/14 18:53,40.8848,-73.8997,B02682,10463
9/24/14 07:36,40.7434,-73.9925,B02617,10010
9/25/14 21:24,40.7705,-73.8653,B02682,11371
8/31/14 22:20,40.7593,-73.9655,B02598,10022
7/3/14 12:12,40.7426,-73.9955,B02682,10011
9/4/14 19:58,40.8078,-73.9457,B02512,10027
9/23/14 13:39,40.6911,-73.9898,B02764,11201
9/2/14 16:02,40.7482,-74.0052,B02598,10011
8/5/14 19:19,40.7846,-73.9818,B02598,10024
9/7/14 19:19,40.7403,-73.9792,B02617,10016
7/31/14 14:07,40.746,-73.9885,B02617,10001
9/28/14 19:48,40.7368,-73.8687,B02617,11373
7/19/14 12:14,40.7162,-74.0087,B02598,10013
7/10/14 11:52,40.7485,-73.9946,B02598,10001
7/3/14 22:57,40.7184,-73.9835,B02598,10002
8/9/14 02:41,40.7217,-73.9407,B02617,11222
9/25/14 10:46,40.7722,-73.9826,B02682,10023
9/19/14 20:15,40.7671,-73.9844,B02617,10019
7/24/14 11:56,40.7356,-73.9889,B02617,10003
7/2/14 19:15,40.7575,-73.986,B02617,10036
8/7/14 08:35,40.7704,-73.8651,B02598,11371
7/15/14 19:26,40.7571,-73.9734,B02598,10022
9/22/14 16:09,40.7599,-73.9664,B02617,10022
9/23/14 13:53,40.7886,-74.0445,B02682,7094
7/16/14 04:45,40.7077,-74.0084,B02598,10005
7/9/14 23:36,40.7382,-73.9816,B02598,10010
9/27/14 16:13,40.7664,-73.9701,B02617,10065
7/19/14 16:33,40.7441,-73.9838,B02617,10016
7/8/14 14:01,40.782,-73.9562,B02617,10128
8/18/14 08:07,40.7467,-73.9922,B02598,10001
9/17/14 18:22,40.6822,-73.9635,B02764,11238
7/17/14 12:18,40.7514,-73.9942,B02682,10199
7/3/14 15:05,40.7505,-73.9783,B02617,10016
7/29/14 18:00,40.7472,-73.9899,B02598,10001
8/3/14 19:11,40.6831,-73.9598,B02598,11238
7/15/14 19:11,40.7648,-73.9613,B02682,10065
7/2/14 17:49,40.7611,-73.9713,B02598,10022
7/12/14 21:53,40.7929,-73.9227,B02617,10035
9/30/14 21:06,40.7267,-73.9941,B02764,10012
8/6/14 06:02,40.6989,-73.9448,B02617,11206
9/30/14 11:33,40.746,-73.9919,B02617,10001
9/13/14 16:37,40.7108,-73.9511,B02764,11211
8/24/14 02:19,40.6369,-73.8939,B02682,11236
9/5/14 17:30,40.6821,-73.8419,B02682,11417
7/17/14 13:29,40.7859,-73.9707,B02512,10024
8/5/14 17:02,40.7227,-73.9989,B02682,10012
9/5/14 10:57,40.726,-73.8521,B02617,11375
7/23/14 10:24,40.7741,-73.8727,B02617,11371
9/8/14 15:48,40.6558,-74.0116,B02682,11232
9/27/14 14:29,40.7343,-73.9949,B02512,10011
9/3/14 17:22,40.7921,-73.9644,B02512,10025
9/2/14 21:23,40.705,-73.9332,B02598,11206
7/9/14 07:25,40.7771,-73.9519,B02617,10028
8/17/14 08:33,40.7199,-73.9538,B02617,11211
9/12/14 18:12,40.7376,-74.0003,B02617,10011
7/6/14 21:31,40.6446,-73.7825,B02617,11430
7/16/14 21:18,40.7237,-74.0112,B02617,10013
8/28/14 14:33,40.779,-73.9561,B02617,10028
9/20/14 00:17,40.8609,-73.9202,B02764,10034
7/17/14 19:47,40.748,-73.94,B02598,11101
8/18/14 20:41,40.7913,-73.9717,B02682,10025
8/26/14 20:15,40.7035,-74.0143,B02617,10004
9/9/14 17:01,40.7446,-73.9856,B02764,10016
8/3/14 14:06,40.7132,-73.9669,B02682,11249
8/16/14 13:26,40.7236,-74.0097,B02598,10013
8/2/14 19:27,40.7112,-74.0058,B02682,10038
9/12/14 22:29,40.7204,-73.9873,B02598,10002
8/12/14 17:30,40.7656,-73.9704,B02682,10065
9/17/14 13:44,40.7394,-73.9922,B02617,10011
7/31/14 12:53,40.7514,-73.9939,B02617,10001
9/14/14 08:57,40.6003,-73.9692,B02682,11223
7/23/14 16:07,40.7912,-73.9521,B02617,10029
9/21/14 03:07,40.7397,-73.9807,B02682,10010
8/14/14 14:17,40.7299,-73.9777,B02617,10009
8/23/14 23:59,40.7336,-74.0015,B02764,10014
7/25/14 16:22,40.7673,-73.984,B02598,10019
8/16/14 16:34,40.7171,-73.9933,B02617,10002
9/6/14 10:27,40.7654,-73.9466,B02682,10044
7/17/14 17:08,40.6468,-73.7896,B02617,11430
9/11/14 19:13,40.7341,-74.0081,B02598,10014
8/5/14 13:07,40.7536,-73.9809,B02617,10036
9/17/14 20:00,40.7258,-73.9423,B02682,11222
7/27/14 20:29,40.762,-73.9616,B02617,10065
7/29/14 12:17,40.7674,-73.8668,B02682,11369
9/25/14 10:19,40.766,-73.9797,B02764,10019
9/9/14 21:06,40.7388,-74.0087,B02764,10014
7/26/14 23:34,40.7506,-74.0034,B02617,10001
9/27/14 16:38,40.737,-73.9887,B02617,10003
7/5/14 23:32,40.7017,-73.9868,B02617,11201
9/11/14 18:00,40.7583,-73.969,B02512,10022
7/5/14 22:19,40.7301,-74.0037,B02617,10014
8/18/14 11:06,40.7299,-74.009,B02598,10014
8/28/14 16:36,40.7547,-73.9766,B02682,10017
9/27/14 21:58,40.7442,-73.9902,B02598,10010
9/11/14 23:09,40.7223,-73.9897,B02617,10002
9/22/14 02:44,40.6919,-73.9556,B02764,11205
7/21/14 23:04,40.7025,-73.9267,B02598,11237
7/24/14 20:18,40.767,-73.9843,B02598,10019
7/8/14 16:48,40.7485,-73.9783,B02682,10016
7/23/14 15:35,40.8107,-73.9633,B02598,10027
8/23/14 09:04,40.7653,-73.9931,B02598,10019
7/3/14 17:28,40.9121,-73.783,B02617,10801
9/28/14 02:09,40.7397,-74.0027,B02682,10014
8/6/14 03:57,40.7453,-73.9868,B02617,10016
7/22/14 17:55,40.7488,-73.9394,B02598,11101
8/9/14 16:21,40.8285,-73.9257,B02617,10452
7/31/14 05:22,40.7314,-74.008,B02598,10014
8/15/14 16:18,40.705,-74.016,B02512,10004
8/2/14 03:43,40.742,-74.004,B02617,10011
9/1/14 14:02,40.7242,-73.9979,B02682,10012
9/11/14 18:29,40.8003,-73.9652,B02617,10025
9/21/14 11:43,40.6449,-73.7822,B02682,11430
9/25/14 22:24,40.7744,-73.964,B02617,10021
9/30/14 12:14,40.752,-73.9751,B02617,10017
9/5/14 11:16,40.7626,-73.972,B02598,10022
9/17/14 21:34,40.7434,-73.9726,B02682,10016
9/3/14 08:16,40.6657,-73.8061,B02617,11430
9/5/14 22:01,40.7632,-73.9672,B02682,10065
9/16/14 11:56,40.6449,-73.7814,B02617,11430
7/29/14 17:59,40.7129,-74.0076,B02617,10007
9/9/14 11:41,40.7523,-73.9748,B02617,10017
8/31/14 20:34,40.7145,-73.9852,B02764,10002
9/10/14 18:49,40.7328,-73.9918,B02512,10003
8/17/14 10:22,40.7064,-74.0158,B02617,10004
9/26/14 15:07,40.6236,-74.013,B02682,11228
9/19/14 01:46,40.7325,-73.9879,B02682,10003
8/31/14 16:08,40.7258,-74.0056,B02617,10013
9/27/14 16:39,40.7253,-73.9922,B02598,10012
8/24/14 11:08,40.7235,-73.9966,B02598,10012
7/29/14 11:43,40.7251,-73.9964,B02617,10012
8/12/14 21:52,40.7554,-73.984,B02617,10036
9/23/14 11:14,40.7688,-73.9938,B02617,10019
7/16/14 09:11,40.7141,-73.9298,B02617,11237
9/5/14 22:10,40.7171,-74.0131,B02764,10282
9/2/14 15:01,40.698,-73.9946,B02617,11201
7/26/14 12:06,40.757,-73.9937,B02617,10018
9/18/14 17:44,40.7564,-73.9731,B02598,10022
8/14/14 20:14,40.6413,-74.0178,B02617,11220
7/11/14 22:15,40.8039,-73.6357,B02512,11576
7/16/14 19:19,40.7529,-73.9714,B02617,10017
7/22/14 16:30,40.7469,-73.9857,B02598,10001
9/13/14 15:18,40.7293,-73.9893,B02682,10003
9/2/14 18:05,40.764,-73.9762,B02617,10019
9/11/14 17:54,40.748,-74.0029,B02682,10011
9/11/14 19:05,40.696,-73.9174,B02764,11221
9/2/14 19:49,40.7478,-73.9882,B02682,10001
8/3/14 14:42,40.762,-73.9973,B02682,10036
8/10/14 16:28,40.7219,-73.9835,B02617,10009
9/23/14 17:45,40.6104,-73.9505,B02617,11229
9/5/14 09:33,40.725,-73.9812,B02764,10009
8/26/14 11:00,40.7634,-73.9671,B02682,10065
7/23/14 22:07,40.7325,-74.0018,B02617,10014
7/23/14 21:47,40.6894,-73.9871,B02598,11201
8/22/14 22:42,40.7421,-73.9781,B02617,10016
9/8/14 10:39,40.7172,-73.986,B02617,10002
9/26/14 22:04,40.7674,-73.9618,B02764,10021
7/3/14 08:17,40.7493,-73.9919,B02682,10123
9/26/14 22:47,40.7897,-73.9544,B02617,10029
8/6/14 13:34,40.7518,-73.9886,B02598,10018
7/10/14 21:37,40.7303,-73.9906,B02617,10003
8/6/14 08:06,40.7473,-73.9812,B02512,10016
9/5/14 20:00,40.7203,-73.9889,B02764,10002
8/25/14 20:39,40.7556,-73.9725,B02512,10017
7/26/14 18:40,40.7707,-73.992,B02617,10019
7/8/14 20:16,40.7634,-73.9945,B02617,10036
9/22/14 01:00,40.7033,-73.9913,B02682,11201
7/23/14 09:30,40.6828,-74.0055,B02598,11231
8/21/14 05:56,40.7335,-74.0046,B02617,10014
9/18/14 20:37,40.8259,-73.9249,B02682,10451
9/5/14 08:10,40.7631,-73.9743,B02764,10019
9/26/14 18:17,40.7525,-73.981,B02617,10017
9/11/14 13:14,40.7415,-73.9938,B02512,10011
9/19/14 07:48,40.7421,-73.9971,B02617,10011
8/7/14 17:34,40.7486,-74.0302,B02598,7030
8/8/14 17:46,40.7256,-73.999,B02598,10012
7/25/14 20:04,40.754,-73.9738,B02617,10017
9/20/14 22:06,40.717,-73.9984,B02764,10013
9/21/14 15:31,40.7299,-73.9988,B02617,10012
9/18/14 17:37,40.7199,-74.0056,B02764,10013
7/4/14 11:34,40.7199,-74.0087,B02598,10013
9/27/14 23:43,40.7085,-73.9582,B02682,11211
9/24/14 13:11,40.7081,-74.0046,B02682,10038
7/4/14 04:26,40.7207,-73.9998,B02682,10013
9/26/14 21:21,40.7463,-73.9777,B02764,10016
9/1/14 08:13,40.7647,-73.9785,B02617,10019
7/22/14 10:27,40.76,-73.9731,B02598,10022
9/7/14 19:03,40.6771,-73.9422,B02617,11216
8/10/14 00:35,40.6936,-73.956,B02598,11205
9/14/14 19:57,40.7425,-73.9801,B02764,10016
8/7/14 13:24,40.6465,-73.7895,B02682,11430
8/6/14 22:15,40.7529,-73.9724,B02682,10017
9/30/14 12:21,40.7308,-73.9955,B02598,10003
7/27/14 00:22,40.7191,-73.9904,B02598,10002
7/12/14 16:29,40.7413,-73.996,B02617,10011
9/18/14 21:18,40.7369,-74.0001,B02764,10011
9/1/14 10:46,40.7461,-73.9722,B02617,
9/25/14 18:44,40.6718,-73.9637,B02764,11238
9/10/14 14:06,40.7652,-73.9632,B02764,10065
9/25/14 18:09,40.7719,-73.9813,B02617,10023
7/29/14 21:54,40.7466,-73.9939,B02617,10001
9/21/14 19:26,40.6752,-74.0168,B02682,11231
9/24/14 21:03,40.6856,-73.9782,B02598,11217
9/13/14 18:41,40.7117,-73.9435,B02764,11211
7/18/14 16:32,40.7603,-73.9724,B02682,10022
7/4/14 18:08,40.7265,-73.9957,B02682,10012
9/2/14 04:58,40.7626,-73.9964,B02617,10036
8/7/14 16:29,40.7782,-73.9523,B02617,10128
8/1/14 08:28,40.7627,-73.9711,B02512,10022
9/10/14 11:08,40.7563,-73.9978,B02617,10018
9/21/14 01:30,40.7241,-73.9878,B02598,10009
9/5/14 09:46,40.723,-74.0021,B02617,10012
8/4/14 04:27,40.7069,-74.0081,B02682,10005
7/1/14 07:14,40.7355,-74.0079,B02617,10014
9/24/14 21:31,40.8985,-73.905,B02682,10471
9/25/14 17:34,40.7335,-73.99,B02617,10003
7/14/14 09:01,40.7108,-73.945,B02598,11206
8/14/14 17:22,40.6821,-73.7488,B02617,11413
8/26/14 18:34,40.773,-73.9668,B02512,10021
9/24/14 13:34,40.7283,-74.0072,B02617,10014
9/29/14 06:35,40.7789,-73.9561,B02617,10028
9/13/14 20:05,40.7399,-74.0359,B02617,7030
7/6/14 15:21,40.7554,-73.9912,B02617,10018
8/18/14 14:24,40.7159,-74.0137,B02682,10282
9/25/14 11:36,40.6933,-73.9995,B02512,11201
9/23/14 15:08,40.7481,-73.9817,B02682,10016
9/25/14 21:34,40.7435,-74.0074,B02617,10011
8/2/14 05:16,40.7562,-73.9727,B02617,10022
8/12/14 14:40,41.0233,-73.7132,B02598,10577
9/12/14 17:17,40.7482,-73.9873,B02682,10001
8/5/14 00:07,40.7489,-73.9835,B02598,10016
7/20/14 01:34,40.7514,-73.9857,B02682,10018
9/27/14 14:14,40.7368,-74.0302,B02764,7030
7/24/14 09:32,40.7279,-73.985,B02617,10009
7/10/14 16:44,40.7937,-73.9672,B02682,10025
9/25/14 19:41,40.7587,-73.9912,B02598,10036
9/6/14 14:22,40.7623,-73.9861,B02598,10019
9/28/14 12:08,40.6915,-73.9844,B02617,11201
7/21/14 15:26,40.745,-73.9354,B02598,11101
8/15/14 21:12,40.7666,-73.9511,B02682,10021
7/25/14 19:56,40.6788,-73.9956,B02598,11231
8/30/14 09:32,40.7663,-73.9567,B02617,10021
9/12/14 15:09,40.7607,-73.9187,B02764,11103
7/22/14 17:03,40.7985,-73.96,B02617,10025
7/23/14 16:16,40.7448,-73.9969,B02617,10011
7/23/14 16:46,40.7625,-73.9631,B02617,10065
7/29/14 17:51,40.7773,-73.9753,B02512,10023
9/26/14 18:12,40.7439,-73.9838,B02682,10016
8/1/14 00:35,40.7363,-74.0034,B02617,10014
8/8/14 16:13,40.7505,-73.9834,B02617,10018
7/11/14 05:35,40.7441,-74.0013,B02598,10011
7/14/14 23:52,40.7474,-73.9977,B02682,10001
9/2/14 08:04,40.714,-74.0095,B02682,10007
9/21/14 23:19,40.7363,-74.0013,B02617,10014
7/25/14 07:37,40.7305,-74.009,B02598,10014
9/12/14 14:58,40.7638,-73.9719,B02682,10022
9/17/14 22:14,40.7312,-73.992,B02764,10003
9/1/14 15:18,40.8016,-73.9664,B02764,10025
7/24/14 19:05,40.7077,-74.017,B02598,10280
8/7/14 20:09,40.6913,-73.9587,B02598,11205
8/1/14 17:49,40.7641,-73.9848,B02682,10019
9/5/14 08:01,40.7422,-74.0046,B02764,10011
8/18/14 18:56,40.7312,-74.0042,B02598,10014
9/17/14 23:58,40.7556,-73.9683,B02598,10022
9/26/14 18:22,40.7602,-73.9806,B02617,10020
9/19/14 17:28,40.7208,-74.0085,B02617,10013
8/6/14 12:12,40.7089,-74.0053,B02617,10038
7/7/14 06:47,40.8834,-73.9831,B02598,7631
7/11/14 21:42,40.7219,-73.9973,B02617,10012
8/13/14 16:41,40.8026,-73.9507,B02617,10026
8/28/14 17:39,40.7638,-73.967,B02617,10065
7/12/14 15:07,40.7498,-73.9374,B02617,11101
9/30/14 08:40,40.7356,-74.0035,B02617,10014
7/1/14 15:48,40.7526,-73.9721,B02617,10017
8/19/14 19:37,40.7111,-74.0062,B02682,10038
8/12/14 18:00,40.714,-74.0147,B02617,10282
7/27/14 19:55,40.7446,-73.9888,B02617,10001
8/6/14 15:47,40.7968,-73.9496,B02617,10029
9/18/14 17:45,40.7474,-73.9857,B02512,10001
7/30/14 21:56,40.7192,-74.0088,B02682,10013
9/30/14 19:06,40.7725,-73.9594,B02682,10021
9/3/14 19:51,40.71,-73.9686,B02598,11249
9/29/14 13:52,40.7738,-73.9598,B02764,10075
9/17/14 15:26,40.672,-74.0107,B02617,11231
8/9/14 06:15,40.7437,-74.0005,B02682,10011
8/24/14 22:18,40.7034,-73.9212,B02617,11237
7/9/14 06:25,40.7361,-73.9864,B02598,10003
9/28/14 20:25,40.7627,-73.9874,B02764,10019
7/22/14 04:43,40.7224,-74.0007,B02598,10013
7/10/14 17:21,40.7656,-73.9757,B02617,10019
7/14/14 12:57,40.6597,-73.804,B02598,11430
7/8/14 07:53,40.7302,-73.9865,B02617,10003
8/27/14 07:23,40.7852,-73.9548,B02598,10128
9/18/14 21:20,40.8744,-73.8915,B02682,10468
9/24/14 18:16,40.721,-73.9935,B02598,10012
9/30/14 06:17,40.7989,-73.9631,B02598,10025
9/12/14 06:50,40.7363,-73.9789,B02617,10010
8/29/14 19:25,40.6834,-73.968,B02598,11238
8/2/14 15:59,40.7211,-74.0018,B02682,10013
7/17/14 23:27,40.7197,-73.9832,B02598,10002
7/17/14 07:31,40.7256,-74.0051,B02682,10013
8/23/14 10:08,40.6905,-73.9588,B02617,11205
7/14/14 10:19,40.755,-73.9736,B02598,10017
7/10/14 06:11,40.7313,-73.9932,B02617,10003
9/16/14 19:56,40.7724,-73.9606,B02598,10021
8/15/14 04:51,40.7373,-74.0063,B02617,10014
9/11/14 21:40,40.7501,-73.988,B02512,
7/13/14 00:55,40.7306,-73.9865,B02617,10003
8/11/14 07:54,40.7731,-73.8857,B02682,11371
7/15/14 15:22,40.7626,-73.9996,B02598,10036
7/16/14 17:41,40.7646,-73.9712,B02617,10065
9/15/14 08:23,40.7269,-73.991,B02598,10003
8/21/14 15:19,40.7277,-73.9852,B02617,10009
7/19/14 15:28,40.7226,-73.9827,B02617,10009
8/31/14 14:15,40.7746,-73.9498,B02617,10028
7/17/14 15:26,40.72,-73.9642,B02682,11249
9/8/14 18:23,40.7214,-73.9989,B02598,10013
8/3/14 00:11,40.7329,-73.9865,B02617,10003
7/20/14 14:51,40.72,-73.988,B02682,10002
8/20/14 07:55,40.7341,-74.0041,B02598,10014
9/15/14 06:48,40.6496,-73.7314,B02617,11581
9/19/14 10:02,40.608,-73.9801,B02682,11204
8/13/14 08:02,40.6809,-73.9673,B02598,11238
9/29/14 09:48,40.7628,-73.9567,B02617,10065
8/16/14 19:22,40.7181,-74.01,B02617,10013
9/13/14 04:42,40.7484,-73.9906,B02764,10001
9/23/14 20:35,40.7772,-73.9619,B02764,10075
8/13/14 23:05,40.6857,-74.0015,B02598,11231
8/28/14 04:11,40.6949,-74.1779,B02617,7114
9/7/14 10:07,40.6838,-73.9392,B02598,11216
7/11/14 22:35,40.7584,-73.9735,B02682,10022
8/6/14 19:29,40.703,-74.011,B02598,10004
8/6/14 21:02,40.7404,-74.0057,B02598,10014
9/10/14 05:39,40.7171,-74.0123,B02617,10282
8/5/14 12:23,40.6854,-73.9732,B02617,11217
8/1/14 04:10,40.7438,-74.0064,B02617,10018
8/12/14 20:19,40.7488,-73.975,B02764,10158
7/12/14 20:21,40.8077,-73.4697,B02617,11797
9/6/14 17:43,40.7726,-73.9822,B02598,10023
9/23/14 05:12,40.7345,-74.007,B02617,10014
8/23/14 22:39,40.7629,-73.9876,B02682,10019
9/7/14 11:13,40.759,-73.7807,B02598,11361
9/7/14 10:41,40.7465,-73.976,B02598,10016
7/1/14 03:00,40.6989,-73.9327,B02682,11206
8/8/14 09:30,40.7261,-74.0005,B02682,10012
8/17/14 17:37,40.7568,-73.9671,B02682,10022
9/27/14 22:26,40.7654,-73.9877,B02764,10019
9/6/14 16:35,40.7169,-73.9978,B02617,10013
9/24/14 17:51,40.5914,-73.9606,B02682,11235
9/23/14 15:53,40.6468,-73.7892,B02682,11430
9/25/14 16:00,40.741,-73.9744,B02682,10016
7/26/14 19:36,40.7149,-74.0102,B02598,10007
7/20/14 04:02,40.7669,-73.9147,B02617,11103
8/24/14 07:38,40.7984,-73.9351,B02682,10035
8/23/14 13:28,40.7457,-74.0058,B02617,10011
8/23/14 00:30,40.7198,-74.0025,B02617,10013
8/31/14 21:54,40.7478,-73.9869,B02598,10001
7/27/14 20:34,40.7742,-73.8711,B02598,11371
9/19/14 14:17,40.7388,-73.9554,B02682,11222
9/1/14 14:23,40.7303,-73.9935,B02682,10003
8/3/14 14:12,40.7126,-73.9523,B02598,11211
9/9/14 13:00,40.7629,-73.9741,B02764,10019
8/15/14 19:13,40.7307,-73.9875,B02598,10003
7/9/14 13:31,40.7078,-74.0098,B02512,10005
7/24/14 16:18,40.7452,-73.9988,B02598,10011
8/7/14 17:35,40.7565,-73.9783,B02617,10017
7/11/14 18:03,40.7225,-74.0037,B02598,10013
9/22/14 12:35,40.7311,-73.9742,B02617,10009
7/11/14 14:26,40.7279,-74.003,B02682,10014
8/9/14 11:05,40.767,-73.9156,B02598,11103
7/28/14 17:47,40.7705,-73.9569,B02617,10021
8/26/14 17:20,40.7196,-73.9624,B02617,11249
9/22/14 07:38,40.7768,-73.9516,B02598,10028
7/31/14 15:21,40.7726,-73.967,B02617,10021
8/2/14 08:00,40.7645,-73.9787,B02598,10019
9/8/14 21:27,40.721,-74.0047,B02617,10013
9/12/14 14:02,40.7566,-73.9673,B02617,10022
9/29/14 21:36,40.77,-73.9927,B02764,10019
8/31/14 17:44,40.7288,-74.0014,B02617,10012
7/29/14 13:55,40.764,-73.9761,B02682,10019
8/5/14 19:14,40.7446,-73.9811,B02598,10016
7/22/14 04:54,40.7342,-73.9897,B02598,10003
9/21/14 16:53,40.7358,-74.0016,B02764,10014
8/29/14 22:06,40.7192,-73.997,B02682,10013
7/2/14 18:16,40.744,-74.0067,B02617,10011
7/31/14 10:41,40.7616,-73.9842,B02617,10019
9/8/14 04:46,40.7592,-73.8964,B02598,11370
7/3/14 18:10,40.7453,-74.0058,B02617,10011
8/5/14 07:31,40.659,-73.8993,B02598,11207
8/3/14 17:45,40.7096,-74.0088,B02682,10038
9/20/14 14:39,40.7696,-73.9808,B02764,10023
7/18/14 05:42,40.721,-74.004,B02617,10013
8/31/14 12:11,40.7802,-73.9767,B02617,10024
8/7/14 18:51,40.7502,-73.9946,B02617,10001
9/27/14 04:43,40.731,-74.0014,B02764,10014
9/3/14 11:12,40.7546,-73.9658,B02617,10022
9/14/14 21:30,40.7599,-73.8202,B02764,11355
8/10/14 18:37,40.7627,-73.9785,B02598,10105
8/22/14 20:34,40.7493,-73.9882,B02764,10001
7/29/14 20:06,40.7643,-73.9762,B02764,10019
9/12/14 18:57,40.7605,-73.9757,B02764,10022
7/25/14 02:10,40.5988,-73.9709,B02598,11223
8/4/14 12:27,40.7485,-73.971,B02617,10017
7/12/14 01:13,40.75,-73.9781,B02682,10016
9/7/14 19:15,40.7639,-73.9739,B02764,10019
7/3/14 09:37,40.7534,-73.9842,B02682,10018
9/11/14 12:27,40.7122,-73.9638,B02682,11249
7/12/14 05:49,40.7153,-73.9462,B02682,11211
8/23/14 13:52,40.7235,-73.9507,B02764,11222
7/21/14 20:15,40.7581,-73.9307,B02598,11106
9/18/14 14:03,40.766,-73.9617,B02764,10065
8/4/14 06:33,40.7204,-73.9569,B02598,11249
8/9/14 16:26,40.7793,-73.9624,B02617,10028
9/5/14 17:37,40.7561,-73.9791,B02598,10036
9/5/14 17:13,40.7384,-73.9225,B02617,11377